,Start,Finish,Distance (mi),Steps (count),Weight (lb),Dietary Calories (cal)
0,15-Aug-2016 00:00,16-Aug-2016 00:00,10.2733156987,25305.0,197.38,2440.71
1,16-Aug-2016 00:00,17-Aug-2016 00:00,5.18213456424,12475.0,198.6,2042.38
2,17-Aug-2016 00:00,18-Aug-2016 00:00,6.09923142651,14898.0,200.67,2726.76
3,18-Aug-2016 00:00,19-Aug-2016 00:00,2.78149979122,6656.0,202.75,2740.14
4,19-Aug-2016 00:00,20-Aug-2016 00:00,2.50752480514,6886.0,202.1,2611.49
5,20-Aug-2016 00:00,21-Aug-2016 00:00,7.66763352024,16479.0,198.96,2328.25
6,21-Aug-2016 00:00,22-Aug-2016 00:00,5.30360965425,13738.9000124,198.99,2209.5
7,22-Aug-2016 00:00,23-Aug-2016 00:00,5.31829856645,13670.8167616,201.38,2883.05
8,23-Aug-2016 00:00,24-Aug-2016 00:00,11.0425597325,27476.6504084,197.41,2596.73
9,24-Aug-2016 00:00,25-Aug-2016 00:00,6.48384698718,14724.6328177,199.28,2339.97
10,25-Aug-2016 00:00,26-Aug-2016 00:00,5.03328580009,11507.0,199.97,2317.61
11,26-Aug-2016 00:00,27-Aug-2016 00:00,6.61358934475,16500.0,200.68,2740.62
12,27-Aug-2016 00:00,28-Aug-2016 00:00,7.85702470614,18001.0,200.07,2697.05
13,28-Aug-2016 00:00,29-Aug-2016 00:00,3.24220151795,7926.0,202.08,2679.62
14,29-Aug-2016 00:00,30-Aug-2016 00:00,2.73548587587,7388.0,200.57,2252.53
15,30-Aug-2016 00:00,31-Aug-2016 00:00,9.56093382124,20924.0,198.6,2522.85
16,31-Aug-2016 00:00,01-Sep-2016 00:00,5.50261557276,13451.0,200.15,2471.21
17,01-Sep-2016 00:00,02-Sep-2016 00:00,3.19160277652,7702.0,201.23,2440.86
18,02-Sep-2016 00:00,03-Sep-2016 00:00,3.18239771015,7259.79507904,199.44,1954.61
19,03-Sep-2016 00:00,04-Sep-2016 00:00,5.6235532861,14775.204921,200.8,2735.23
20,04-Sep-2016 00:00,05-Sep-2016 00:00,2.29156792723,6164.0,202.33,2618.89
21,05-Sep-2016 00:00,06-Sep-2016 00:00,7.07694195362,17237.0,199.91,2592.75
22,06-Sep-2016 00:00,07-Sep-2016 00:00,1.19830700011,3289.0,203.13,2611.75
23,07-Sep-2016 00:00,08-Sep-2016 00:00,4.3924478886,10791.0,201.37,2670.12
24,08-Sep-2016 00:00,09-Sep-2016 00:00,1.95992462921,4997.0,202.35,2554.3
25,09-Sep-2016 00:00,10-Sep-2016 00:00,4.49703989373,10774.0,201.25,2611.0
26,10-Sep-2016 00:00,11-Sep-2016 00:00,2.89354866028,7153.0,202.48,2697.67
27,11-Sep-2016 00:00,12-Sep-2016 00:00,2.88664729842,7292.0,200.62,2261.57
28,12-Sep-2016 00:00,13-Sep-2016 00:00,5.39448316561,14403.0,199.79,2459.47
29,13-Sep-2016 00:00,14-Sep-2016 00:00,3.87107447391,9509.47361621,201.79,2631.12
30,14-Sep-2016 00:00,15-Sep-2016 00:00,3.63598488925,9148.52638379,201.1,2466.48
31,15-Sep-2016 00:00,16-Sep-2016 00:00,2.28094174049,5690.0,202.37,2633.56
32,16-Sep-2016 00:00,17-Sep-2016 00:00,5.18427745863,12527.0,200.35,2439.9
33,17-Sep-2016 00:00,18-Sep-2016 00:00,2.97045742019,7357.0,199.44,1956.56
34,18-Sep-2016 00:00,19-Sep-2016 00:00,4.87068488637,12396.0,200.29,2462.68
35,19-Sep-2016 00:00,20-Sep-2016 00:00,0.922450523164,2482.0,202.55,2447.8
36,20-Sep-2016 00:00,21-Sep-2016 00:00,4.50747029804,11494.0,201.81,2876.52
37,21-Sep-2016 00:00,22-Sep-2016 00:00,7.05086417333,16707.0,199.52,2517.83
38,22-Sep-2016 00:00,23-Sep-2016 00:00,6.51258449711,16882.0,200.22,2672.94
39,23-Sep-2016 00:00,24-Sep-2016 00:00,7.61788686214,18452.0,198.73,2419.23
40,24-Sep-2016 00:00,25-Sep-2016 00:00,4.45762949638,10861.3591083,199.77,2266.73
41,25-Sep-2016 00:00,26-Sep-2016 00:00,12.1749124913,28322.3636801,199.58,3173.09
42,26-Sep-2016 00:00,27-Sep-2016 00:00,3.93161286574,7426.27721165,201.36,2400.83
43,27-Sep-2016 00:00,28-Sep-2016 00:00,8.10398278015,19205.0,199.91,2739.43
44,28-Sep-2016 00:00,29-Sep-2016 00:00,3.66364320933,9096.0,199.35,1996.24
45,29-Sep-2016 00:00,30-Sep-2016 00:00,4.27820750257,11262.0,200.43,2393.11
46,30-Sep-2016 00:00,01-Oct-2016 00:00,3.36376476351,8667.75551399,202.58,2879.42
47,01-Oct-2016 00:00,02-Oct-2016 00:00,3.20592754731,8158.24448601,204.19,3269.19
48,02-Oct-2016 00:00,03-Oct-2016 00:00,6.77673840942,15602.0,199.49,2370.24
49,03-Oct-2016 00:00,04-Oct-2016 00:00,4.81725689879,12725.0,200.78,2651.6
50,04-Oct-2016 00:00,05-Oct-2016 00:00,2.90148193818,7425.0,201.78,2515.72
51,05-Oct-2016 00:00,06-Oct-2016 00:00,1.09183933485,2758.0,202.89,2588.37
52,06-Oct-2016 00:00,07-Oct-2016 00:00,5.48808568838,13955.0,200.1,2445.66
53,07-Oct-2016 00:00,08-Oct-2016 00:00,1.81895790297,4465.0,203.1,2718.97
54,08-Oct-2016 00:00,09-Oct-2016 00:00,4.15243679342,10853.0,199.69,2201.26
55,09-Oct-2016 00:00,10-Oct-2016 00:00,1.92587036015,5146.92648022,201.61,2445.68
56,10-Oct-2016 00:00,11-Oct-2016 00:00,3.21246277967,8111.1307889,203.15,2892.61
57,11-Oct-2016 00:00,12-Oct-2016 00:00,2.12210976001,5029.94273087,203.07,2733.82
58,12-Oct-2016 00:00,13-Oct-2016 00:00,0.802147938321,2086.0,202.84,2463.11
59,13-Oct-2016 00:00,14-Oct-2016 00:00,2.50715807259,6982.0,203.96,3191.37
60,14-Oct-2016 00:00,15-Oct-2016 00:00,2.45236046848,6790.0,201.37,2446.74
61,15-Oct-2016 00:00,16-Oct-2016 00:00,4.38326111601,11545.0,199.25,2121.83
62,16-Oct-2016 00:00,17-Oct-2016 00:00,4.03967063988,9993.87409527,200.45,2415.26
63,17-Oct-2016 00:00,18-Oct-2016 00:00,0.997407374689,2873.12590473,202.71,2514.73
64,18-Oct-2016 00:00,19-Oct-2016 00:00,3.76399791656,9893.0,201.38,2600.14
65,19-Oct-2016 00:00,20-Oct-2016 00:00,3.58068472291,9340.99858406,201.21,2525.43
66,20-Oct-2016 00:00,21-Oct-2016 00:00,5.07842824888,12897.0014159,201.63,2871.19
67,21-Oct-2016 00:00,22-Oct-2016 00:00,8.73999723262,22803.0,197.13,2262.23
68,22-Oct-2016 00:00,23-Oct-2016 00:00,2.7385086012,7167.0,201.5,2454.43
69,23-Oct-2016 00:00,24-Oct-2016 00:00,3.77278075437,8775.0,199.86,2087.51
70,24-Oct-2016 00:00,25-Oct-2016 00:00,8.89575367391,20853.3947052,199.31,2666.13
71,25-Oct-2016 00:00,26-Oct-2016 00:00,4.42660661096,11202.6052948,203.25,3185.47
72,26-Oct-2016 00:00,27-Oct-2016 00:00,5.06756319124,13757.0,199.19,2222.15
73,27-Oct-2016 00:00,28-Oct-2016 00:00,1.06406144467,2943.74483751,204.83,3098.34
74,28-Oct-2016 00:00,29-Oct-2016 00:00,6.33139171607,17844.2551625,199.75,2613.06
75,29-Oct-2016 00:00,30-Oct-2016 00:00,7.20902108635,19388.0,199.34,2649.96
76,30-Oct-2016 00:00,31-Oct-2016 00:00,5.01606681658,14084.4456615,199.91,2431.23
77,31-Oct-2016 00:00,01-Nov-2016 00:00,4.7633845251,11554.9067673,201.76,2793.66
78,01-Nov-2016 00:00,02-Nov-2016 00:00,2.666278304,6847.5724115,201.17,2372.46
79,02-Nov-2016 00:00,03-Nov-2016 00:00,6.42753342101,16556.7077247,199.29,2424.17
80,03-Nov-2016 00:00,04-Nov-2016 00:00,2.18433363518,6047.36743497,201.9,2560.99
81,04-Nov-2016 00:00,05-Nov-2016 00:00,5.64976376424,13585.0,199.25,2249.29
82,05-Nov-2016 00:00,06-Nov-2016 00:00,4.24255685516,11703.9981232,200.61,2534.96
83,06-Nov-2016 00:00,07-Nov-2016 00:00,8.72960131914,21344.9115065,196.56,1978.56
84,07-Nov-2016 00:00,08-Nov-2016 00:00,3.96528309937,11204.0903702,200.54,2477.49
85,08-Nov-2016 00:00,09-Nov-2016 00:00,1.65589041776,4926.0,201.66,2397.89
86,09-Nov-2016 00:00,10-Nov-2016 00:00,5.71299899767,15516.0,199.45,2443.28
87,10-Nov-2016 00:00,11-Nov-2016 00:00,5.64495099083,13412.0,200.43,2476.67
88,11-Nov-2016 00:00,12-Nov-2016 00:00,7.02058067352,17605.8020601,198.67,2388.74
89,12-Nov-2016 00:00,13-Nov-2016 00:00,3.06863883326,8587.19793989,202.11,2715.77
90,13-Nov-2016 00:00,14-Nov-2016 00:00,1.20033659551,3074.42310782,202.73,2516.36
91,14-Nov-2016 00:00,15-Nov-2016 00:00,3.96163800804,9092.57689218,200.76,2421.16
92,15-Nov-2016 00:00,16-Nov-2016 00:00,5.08465075013,12939.0,199.39,2256.53
93,16-Nov-2016 00:00,17-Nov-2016 00:00,7.57521491935,19230.307641,198.93,2485.55
94,17-Nov-2016 00:00,18-Nov-2016 00:00,1.28779492422,3628.69235901,201.67,2320.6
95,18-Nov-2016 00:00,19-Nov-2016 00:00,2.48688708301,6301.22913719,200.8,2234.85
96,19-Nov-2016 00:00,20-Nov-2016 00:00,7.31171436491,18427.7708628,199.0,2399.62
97,20-Nov-2016 00:00,21-Nov-2016 00:00,0.228286776232,677.234025742,203.46,2626.88
98,21-Nov-2016 00:00,22-Nov-2016 00:00,4.46117966863,10733.7659743,199.31,2120.33
99,22-Nov-2016 00:00,23-Nov-2016 00:00,5.77588370382,13784.0,199.81,2412.15
100,23-Nov-2016 00:00,24-Nov-2016 00:00,1.26939074884,3463.0,202.12,2388.42
101,24-Nov-2016 00:00,25-Nov-2016 00:00,4.09326438934,10535.0,201.03,2533.25
102,25-Nov-2016 00:00,26-Nov-2016 00:00,4.0882136056,9649.00653264,200.47,2369.42
103,26-Nov-2016 00:00,27-Nov-2016 00:00,4.25574382733,10343.9934674,200.41,2391.39
104,27-Nov-2016 00:00,28-Nov-2016 00:00,2.34778999205,5871.36966825,202.91,2779.67
105,28-Nov-2016 00:00,29-Nov-2016 00:00,2.72055603512,6968.35012875,202.5,2745.1
106,29-Nov-2016 00:00,30-Nov-2016 00:00,1.73620651888,4590.280203,201.41,2274.99
107,30-Nov-2016 00:00,01-Dec-2016 00:00,3.49906631685,8370.96741873,202.31,2756.7
108,01-Dec-2016 00:00,02-Dec-2016 00:00,4.74665956206,11022.0325813,201.12,2599.71
109,02-Dec-2016 00:00,03-Dec-2016 00:00,2.95509115981,7367.0,202.88,2768.25
110,03-Dec-2016 00:00,04-Dec-2016 00:00,8.0588775997,18767.0,198.03,2186.68
111,04-Dec-2016 00:00,05-Dec-2016 00:00,1.92258172664,4934.0,201.16,2238.26
112,05-Dec-2016 00:00,06-Dec-2016 00:00,2.70523168818,7152.0,202.38,2662.22
113,06-Dec-2016 00:00,07-Dec-2016 00:00,2.60366718711,6532.0,202.34,2676.64
114,07-Dec-2016 00:00,08-Dec-2016 00:00,0.680016003492,1917.66783251,203.01,2607.21
115,08-Dec-2016 00:00,09-Dec-2016 00:00,4.62063622531,11421.3321675,200.17,2370.98
116,09-Dec-2016 00:00,10-Dec-2016 00:00,5.13121883356,13335.0,200.82,2643.86
117,10-Dec-2016 00:00,11-Dec-2016 00:00,3.97907271935,10639.0,200.58,2379.68
118,11-Dec-2016 00:00,12-Dec-2016 00:00,1.0888471601,2844.37121101,201.71,2267.87
119,12-Dec-2016 00:00,13-Dec-2016 00:00,5.71568427607,13313.628789,199.32,2254.99
120,13-Dec-2016 00:00,14-Dec-2016 00:00,1.62078140373,4700.0,202.3,2507.42
121,14-Dec-2016 00:00,15-Dec-2016 00:00,1.49286953252,4179.0,201.78,2333.48
122,15-Dec-2016 00:00,16-Dec-2016 00:00,1.91700900798,5572.0,201.33,2247.69
123,16-Dec-2016 00:00,17-Dec-2016 00:00,3.27409713122,8196.0,201.25,2462.24
124,17-Dec-2016 00:00,18-Dec-2016 00:00,3.01380839197,8408.0,201.35,2505.68
125,18-Dec-2016 00:00,19-Dec-2016 00:00,0.748607153429,2248.0,202.15,2303.72
126,19-Dec-2016 00:00,20-Dec-2016 00:00,1.72200974996,4840.0,203.79,2928.03
127,20-Dec-2016 00:00,21-Dec-2016 00:00,5.98933244206,14636.0,199.11,2243.4
128,21-Dec-2016 00:00,22-Dec-2016 00:00,2.55613752076,7123.0,202.08,2583.83
129,22-Dec-2016 00:00,23-Dec-2016 00:00,3.33731800041,8636.0,201.55,2605.68
130,23-Dec-2016 00:00,24-Dec-2016 00:00,2.48236734576,6479.0,201.69,2440.54
131,24-Dec-2016 00:00,25-Dec-2016 00:00,4.65725782439,11605.0,200.97,2566.9
132,25-Dec-2016 00:00,26-Dec-2016 00:00,6.22071527777,15003.0,199.74,2479.07
133,26-Dec-2016 00:00,27-Dec-2016 00:00,6.99084909035,17769.0,198.24,2169.85
134,27-Dec-2016 00:00,28-Dec-2016 00:00,1.2563478567,3308.0,202.09,2419.06
135,28-Dec-2016 00:00,29-Dec-2016 00:00,1.01642426704,2320.5810228,202.16,2348.16
136,29-Dec-2016 00:00,30-Dec-2016 00:00,3.17387301285,8658.89313853,199.61,2094.22
137,30-Dec-2016 00:00,31-Dec-2016 00:00,10.4518907082,27382.5258387,197.36,2590.7
138,31-Dec-2016 00:00,01-Jan-2017 00:00,6.31493473907,16474.0,200.0,2597.55
139,01-Jan-2017 00:00,02-Jan-2017 00:00,6.88596935587,16407.0,199.73,2523.23
140,02-Jan-2017 00:00,03-Jan-2017 00:00,8.76529635096,22753.0,198.83,2612.57
141,03-Jan-2017 00:00,04-Jan-2017 00:00,2.16826860135,5243.0,201.59,2441.64
142,04-Jan-2017 00:00,05-Jan-2017 00:00,3.90685113115,9246.0,202.32,2802.21
143,05-Jan-2017 00:00,06-Jan-2017 00:00,1.06137568903,2924.0,202.35,2430.91
144,06-Jan-2017 00:00,07-Jan-2017 00:00,6.09340286711,14547.035811,199.63,2440.69
145,07-Jan-2017 00:00,08-Jan-2017 00:00,1.65128280545,4592.96418899,202.33,2484.23
146,08-Jan-2017 00:00,09-Jan-2017 00:00,0.21984667302,692.0,202.97,2467.48
147,09-Jan-2017 00:00,10-Jan-2017 00:00,0.0201386403404,81.0,203.72,2620.68
148,10-Jan-2017 00:00,11-Jan-2017 00:00,1.62676725991,4042.0,200.84,2136.9
149,11-Jan-2017 00:00,12-Jan-2017 00:00,1.27816706366,3476.0,201.13,2167.22
150,12-Jan-2017 00:00,13-Jan-2017 00:00,1.81496862009,4717.0,203.15,2799.37
151,13-Jan-2017 00:00,14-Jan-2017 00:00,4.77287732071,12333.0,200.88,2579.55
152,14-Jan-2017 00:00,15-Jan-2017 00:00,0.854808774988,2026.0,201.86,2294.74
153,15-Jan-2017 00:00,16-Jan-2017 00:00,5.15718052634,11507.432446,201.25,2650.01
154,16-Jan-2017 00:00,17-Jan-2017 00:00,0.702916739755,2018.567554,202.84,2510.35
155,17-Jan-2017 00:00,18-Jan-2017 00:00,1.83941319784,4982.14485655,202.85,2653.88
156,18-Jan-2017 00:00,19-Jan-2017 00:00,7.08339871433,17148.8551435,198.94,2375.09
157,19-Jan-2017 00:00,20-Jan-2017 00:00,2.17982053578,5702.0,201.68,2425.04
158,20-Jan-2017 00:00,21-Jan-2017 00:00,3.35598895353,8586.0,201.19,2532.18
159,21-Jan-2017 00:00,22-Jan-2017 00:00,0.839501406049,2191.0,203.28,2677.96
160,22-Jan-2017 00:00,23-Jan-2017 00:00,2.47737850493,6362.0,202.66,2695.26
161,23-Jan-2017 00:00,24-Jan-2017 00:00,1.84905141666,4728.0,200.58,2061.41
162,24-Jan-2017 00:00,25-Jan-2017 00:00,1.52983209668,4216.0,202.33,2473.55
163,25-Jan-2017 00:00,26-Jan-2017 00:00,0.996164056821,2399.4549523,202.48,2401.85
164,26-Jan-2017 00:00,27-Jan-2017 00:00,3.40483955671,8489.5450477,201.25,2466.71
165,27-Jan-2017 00:00,28-Jan-2017 00:00,6.27795848718,15377.8073271,198.96,2277.16
166,28-Jan-2017 00:00,29-Jan-2017 00:00,2.98577471154,7799.19267288,200.07,2079.43
167,29-Jan-2017 00:00,30-Jan-2017 00:00,8.33189144481,18804.0,200.04,2751.59
168,30-Jan-2017 00:00,31-Jan-2017 00:00,0.023282778573,56.0,203.85,2723.18
169,31-Jan-2017 00:00,01-Feb-2017 00:00,1.7184220655,4883.7566039,201.81,2365.14
170,01-Feb-2017 00:00,02-Feb-2017 00:00,4.87125447028,13309.2433961,201.75,2937.26
171,02-Feb-2017 00:00,03-Feb-2017 00:00,8.01620141829,19260.9845982,198.84,2491.61
172,03-Feb-2017 00:00,04-Feb-2017 00:00,9.73266538982,22672.0154018,198.6,2589.12
173,04-Feb-2017 00:00,05-Feb-2017 00:00,7.23588969122,17166.8241359,200.66,2813.31
174,05-Feb-2017 00:00,06-Feb-2017 00:00,7.52603165667,19245.0171359,198.29,2246.87
175,06-Feb-2017 00:00,07-Feb-2017 00:00,2.36296901584,5829.1587282,200.62,2188.64
176,07-Feb-2017 00:00,08-Feb-2017 00:00,2.05882536482,5485.0,201.88,2525.87
177,08-Feb-2017 00:00,09-Feb-2017 00:00,0.269383052971,743.0,201.6,2097.38
178,09-Feb-2017 00:00,10-Feb-2017 00:00,2.54758651987,6637.0,202.58,2625.76
179,10-Feb-2017 00:00,11-Feb-2017 00:00,8.96990149315,21959.9522349,199.31,2785.65
180,11-Feb-2017 00:00,12-Feb-2017 00:00,8.8751958155,22619.2800686,198.53,2617.14
181,12-Feb-2017 00:00,13-Feb-2017 00:00,5.68691719518,14267.7676965,200.21,2520.26
182,13-Feb-2017 00:00,14-Feb-2017 00:00,1.22422731058,3390.47993728,201.49,2255.52
183,14-Feb-2017 00:00,15-Feb-2017 00:00,1.78272894277,4312.8292162,198.95,1589.05
184,15-Feb-2017 00:00,16-Feb-2017 00:00,10.1951976408,24164.6908465,197.19,2292.51
185,16-Feb-2017 00:00,17-Feb-2017 00:00,6.06775735533,14487.0,200.98,2772.62
186,17-Feb-2017 00:00,18-Feb-2017 00:00,6.23589643864,15154.0,197.82,1951.79
187,18-Feb-2017 00:00,19-Feb-2017 00:00,3.2272039291,9004.0,199.68,2048.57
188,19-Feb-2017 00:00,20-Feb-2017 00:00,3.58183279409,9564.0,201.57,2607.03
189,20-Feb-2017 00:00,21-Feb-2017 00:00,0.55314492041,1415.0,203.88,2827.14
190,21-Feb-2017 00:00,22-Feb-2017 00:00,3.11624416481,7585.0,201.09,2390.84
191,22-Feb-2017 00:00,23-Feb-2017 00:00,6.97740895448,16004.0,199.42,2450.28
192,23-Feb-2017 00:00,24-Feb-2017 00:00,2.03350465418,5048.0,202.56,2662.95
193,24-Feb-2017 00:00,25-Feb-2017 00:00,1.04720903715,2452.0,202.92,2539.79
194,25-Feb-2017 00:00,26-Feb-2017 00:00,1.17786747368,7492.0,201.5,2444.87
195,26-Feb-2017 00:00,27-Feb-2017 00:00,4.56896319097,11857.8466203,199.15,2072.44
196,27-Feb-2017 00:00,28-Feb-2017 00:00,0.3990410737,1165.1533797,202.59,2437.39
197,28-Feb-2017 00:00,01-Mar-2017 00:00,3.55652933545,8470.80732306,203.8,3162.95
198,01-Mar-2017 00:00,02-Mar-2017 00:00,4.25591953909,10717.1926769,202.55,2917.27
199,02-Mar-2017 00:00,03-Mar-2017 00:00,4.26758556104,11384.0,200.13,2318.3
200,03-Mar-2017 00:00,04-Mar-2017 00:00,6.39332731903,15615.0,199.8,2501.74
201,04-Mar-2017 00:00,05-Mar-2017 00:00,6.26570980315,15832.0,199.82,2566.72
202,05-Mar-2017 00:00,06-Mar-2017 00:00,2.943661835,7380.08719182,200.49,2153.45
203,06-Mar-2017 00:00,07-Mar-2017 00:00,1.59421173504,4139.91280818,202.59,2597.81
204,07-Mar-2017 00:00,08-Mar-2017 00:00,3.62104865537,9264.0,200.2,2264.96
205,08-Mar-2017 00:00,09-Mar-2017 00:00,3.20092407132,7529.0,202.31,2779.29
206,09-Mar-2017 00:00,10-Mar-2017 00:00,1.93214641626,5339.0,201.96,2446.99
207,10-Mar-2017 00:00,11-Mar-2017 00:00,7.21201238552,17018.0,199.81,2626.91
208,11-Mar-2017 00:00,12-Mar-2017 00:00,7.61319776061,20291.0,198.55,2478.23
209,12-Mar-2017 00:00,13-Mar-2017 00:00,2.93043689473,6419.72564178,201.45,2426.31
210,13-Mar-2017 00:00,14-Mar-2017 00:00,2.08537793425,5507.27435822,199.95,1916.18
211,14-Mar-2017 00:00,15-Mar-2017 00:00,2.29633421937,5435.48686189,200.94,2214.55
212,15-Mar-2017 00:00,16-Mar-2017 00:00,2.33218176152,5902.51313811,202.69,2736.81
213,16-Mar-2017 00:00,17-Mar-2017 00:00,7.82805248419,17834.0,199.76,2622.45
214,17-Mar-2017 00:00,18-Mar-2017 00:00,5.91777623881,14267.0,198.86,2244.95
215,18-Mar-2017 00:00,19-Mar-2017 00:00,11.4530837746,26818.0,197.98,2687.13
216,19-Mar-2017 00:00,20-Mar-2017 00:00,2.80273188122,7167.95875508,202.74,2785.89
217,20-Mar-2017 00:00,21-Mar-2017 00:00,1.30654621604,3434.04124492,204.16,2938.55
218,21-Mar-2017 00:00,22-Mar-2017 00:00,3.51669451903,9225.46021033,203.03,3051.11
219,22-Mar-2017 00:00,23-Mar-2017 00:00,0.821694622404,2199.24404864,203.6,2740.02
220,23-Mar-2017 00:00,24-Mar-2017 00:00,2.20491865256,5937.29574103,200.62,2183.16
221,24-Mar-2017 00:00,25-Mar-2017 00:00,0.881491276106,2428.0,202.49,2379.88
222,25-Mar-2017 00:00,26-Mar-2017 00:00,5.62914916206,12922.0,200.52,2528.21
223,26-Mar-2017 00:00,27-Mar-2017 00:00,0.445182801573,1201.37853162,203.56,2703.98
224,27-Mar-2017 00:00,28-Mar-2017 00:00,1.49183238599,4351.62146838,201.52,2337.35
225,28-Mar-2017 00:00,29-Mar-2017 00:00,1.6910460179,4722.0,202.35,2545.17
226,29-Mar-2017 00:00,30-Mar-2017 00:00,6.60982518146,16704.0,199.91,2593.16
227,30-Mar-2017 00:00,31-Mar-2017 00:00,2.79301611788,7368.91445004,202.61,2763.62
228,31-Mar-2017 00:00,01-Apr-2017 00:00,5.45304213265,13288.08555,201.36,2755.25
229,01-Apr-2017 00:00,02-Apr-2017 00:00,5.97234300523,16496.3641003,199.01,2365.76
230,02-Apr-2017 00:00,03-Apr-2017 00:00,5.54409438973,15220.6358997,199.61,2436.29
231,03-Apr-2017 00:00,04-Apr-2017 00:00,2.38603889646,6146.36995309,202.43,2656.49
232,04-Apr-2017 00:00,05-Apr-2017 00:00,1.76281601642,4528.63004691,201.55,2361.23
233,05-Apr-2017 00:00,06-Apr-2017 00:00,1.09666012925,2971.0,202.23,2404.26
234,06-Apr-2017 00:00,07-Apr-2017 00:00,0.79116554847,2387.0,202.16,2326.17
235,07-Apr-2017 00:00,08-Apr-2017 00:00,3.50732470825,9619.0,202.36,2848.49
236,08-Apr-2017 00:00,09-Apr-2017 00:00,3.82018656422,10131.9769627,200.85,2492.62
237,09-Apr-2017 00:00,10-Apr-2017 00:00,3.86608569573,11075.0230373,199.32,2108.08
238,10-Apr-2017 00:00,11-Apr-2017 00:00,8.52694856644,23212.0,197.29,2304.35
239,11-Apr-2017 00:00,12-Apr-2017 00:00,4.35516526078,11692.0378876,199.97,2324.78
240,12-Apr-2017 00:00,13-Apr-2017 00:00,5.58262965255,15142.9621124,198.09,2029.35
241,13-Apr-2017 00:00,14-Apr-2017 00:00,1.72023913923,4602.0,203.04,2691.2
242,14-Apr-2017 00:00,15-Apr-2017 00:00,5.12896502131,11833.0,201.75,2686.65
243,15-Apr-2017 00:00,16-Apr-2017 00:00,1.21004176401,3165.0,202.3,2480.25
244,16-Apr-2017 00:00,17-Apr-2017 00:00,1.85927997145,4946.5368543,202.13,2486.5
245,17-Apr-2017 00:00,18-Apr-2017 00:00,5.64295352302,14396.6479017,199.27,2279.9
246,18-Apr-2017 00:00,19-Apr-2017 00:00,5.16977942281,11095.6048953,200.67,2438.77
247,19-Apr-2017 00:00,20-Apr-2017 00:00,1.57391096744,4157.21034874,200.93,2150.32
248,20-Apr-2017 00:00,21-Apr-2017 00:00,2.70398405888,6979.0,202.44,2748.81
249,21-Apr-2017 00:00,22-Apr-2017 00:00,5.99628240598,15139.0,199.56,2420.34
250,22-Apr-2017 00:00,23-Apr-2017 00:00,2.97698408761,7481.32452116,202.01,2606.28
251,23-Apr-2017 00:00,24-Apr-2017 00:00,2.06562525773,4642.01594434,201.78,2383.25
252,24-Apr-2017 00:00,25-Apr-2017 00:00,4.39207999076,10071.083279,201.96,2734.21
253,25-Apr-2017 00:00,26-Apr-2017 00:00,1.65002237066,4601.91398812,202.79,2664.35
254,26-Apr-2017 00:00,27-Apr-2017 00:00,4.17298428864,10142.6622673,202.0,2766.48
255,27-Apr-2017 00:00,28-Apr-2017 00:00,2.11227424549,5845.0,202.32,2565.15
256,28-Apr-2017 00:00,29-Apr-2017 00:00,5.50948878419,11651.0,199.81,2253.6
257,29-Apr-2017 00:00,30-Apr-2017 00:00,5.42788790897,13667.0,202.2,3053.71
258,30-Apr-2017 00:00,01-May-2017 00:00,2.28096670843,5838.37704677,200.97,2223.34
259,01-May-2017 00:00,02-May-2017 00:00,10.9404267048,25798.6229532,198.13,2642.87
260,02-May-2017 00:00,03-May-2017 00:00,3.66212020051,10320.0,200.74,2444.65
261,03-May-2017 00:00,04-May-2017 00:00,2.64991455075,7167.01131911,200.17,2130.15
262,04-May-2017 00:00,05-May-2017 00:00,4.26888424621,10367.9886809,201.79,2771.83
263,05-May-2017 00:00,06-May-2017 00:00,1.3531377369,4002.0,203.1,2670.78
264,06-May-2017 00:00,07-May-2017 00:00,3.98438011107,9867.0,201.6,2679.35
265,07-May-2017 00:00,08-May-2017 00:00,2.08313779986,6020.89792744,201.16,2309.78
266,08-May-2017 00:00,09-May-2017 00:00,3.0935829887,8122.51481856,201.77,2584.32
267,09-May-2017 00:00,10-May-2017 00:00,7.58887288599,18837.587254,196.8,1951.61
268,10-May-2017 00:00,11-May-2017 00:00,1.0989541397,3166.12197535,203.39,2694.25
269,11-May-2017 00:00,12-May-2017 00:00,3.36373261656,9174.75660902,202.26,2788.71
270,12-May-2017 00:00,13-May-2017 00:00,5.47495005116,13630.1214156,201.45,2827.06
271,13-May-2017 00:00,14-May-2017 00:00,3.6816968036,10005.0,200.89,2453.39
272,14-May-2017 00:00,15-May-2017 00:00,7.92322026617,16915.0,200.13,2708.48
273,15-May-2017 00:00,16-May-2017 00:00,5.66441626634,14736.0,199.55,2446.68
274,16-May-2017 00:00,17-May-2017 00:00,8.49999124816,22319.0,197.69,2376.07
275,17-May-2017 00:00,18-May-2017 00:00,5.2250169561,13208.6196611,201.71,2872.32
276,18-May-2017 00:00,19-May-2017 00:00,2.80661889502,7495.38033893,201.14,2431.2
277,19-May-2017 00:00,20-May-2017 00:00,7.52317487635,18054.0,198.13,2207.11
278,20-May-2017 00:00,21-May-2017 00:00,5.38352794517,12543.7168675,200.14,2367.19
279,21-May-2017 00:00,22-May-2017 00:00,5.10272131312,11528.2831325,201.33,2632.34
280,22-May-2017 00:00,23-May-2017 00:00,3.86293359348,9350.31139941,202.09,2788.94
281,23-May-2017 00:00,24-May-2017 00:00,1.72750949025,4695.68860059,201.62,2356.83
282,24-May-2017 00:00,25-May-2017 00:00,5.473742905,13085.828482,200.49,2517.22
283,25-May-2017 00:00,26-May-2017 00:00,2.08755435201,5788.171518,204.57,3222.1
284,26-May-2017 00:00,27-May-2017 00:00,4.13133552225,11174.1298048,199.95,2286.73
285,27-May-2017 00:00,28-May-2017 00:00,10.5869012357,30605.8701952,194.6,2013.46
286,28-May-2017 00:00,29-May-2017 00:00,3.38000700503,9021.0,200.93,2381.0
287,29-May-2017 00:00,30-May-2017 00:00,4.79745077394,11079.7552778,202.14,2847.91
288,30-May-2017 00:00,31-May-2017 00:00,1.47184489423,3949.39071697,202.18,2462.74
289,31-May-2017 00:00,01-Jun-2017 00:00,5.1196644829,13245.2998222,197.5,1731.95
290,01-Jun-2017 00:00,02-Jun-2017 00:00,4.67055436601,10623.5541831,200.94,2527.86
291,02-Jun-2017 00:00,03-Jun-2017 00:00,6.49575447526,16905.0,200.49,2777.72
292,03-Jun-2017 00:00,04-Jun-2017 00:00,2.93565181303,7962.31152924,201.48,2528.97
293,04-Jun-2017 00:00,05-Jun-2017 00:00,3.2322689792,8434.73588465,201.74,2635.29
294,05-Jun-2017 00:00,06-Jun-2017 00:00,4.79417325769,12257.0187661,199.97,2336.57
295,06-Jun-2017 00:00,07-Jun-2017 00:00,3.36892106377,8936.93381997,201.35,2519.01
296,07-Jun-2017 00:00,08-Jun-2017 00:00,4.70719314089,12031.0,199.54,2235.07
297,08-Jun-2017 00:00,09-Jun-2017 00:00,4.29464625202,11030.0,201.93,2864.22
298,09-Jun-2017 00:00,10-Jun-2017 00:00,4.85820814117,12333.0,200.09,2446.31
299,10-Jun-2017 00:00,11-Jun-2017 00:00,9.42874127096,24456.0,196.76,2213.25
300,11-Jun-2017 00:00,12-Jun-2017 00:00,3.71176617838,10049.4360686,202.81,2984.44
301,12-Jun-2017 00:00,13-Jun-2017 00:00,3.86942299653,9515.56393144,201.28,2561.44
302,13-Jun-2017 00:00,14-Jun-2017 00:00,2.39236853227,6425.0,202.88,2766.91
303,14-Jun-2017 00:00,15-Jun-2017 00:00,3.21717316145,7627.0,202.35,2758.95
304,15-Jun-2017 00:00,16-Jun-2017 00:00,1.63271972289,4263.07936354,201.28,2255.03
305,16-Jun-2017 00:00,17-Jun-2017 00:00,4.74754850886,13018.9206365,200.13,2453.84
306,17-Jun-2017 00:00,18-Jun-2017 00:00,5.93882996627,14126.0,200.63,2656.58
307,18-Jun-2017 00:00,19-Jun-2017 00:00,2.43163865693,5855.0,202.57,2598.61
308,19-Jun-2017 00:00,20-Jun-2017 00:00,0.66890717748,1865.0,202.72,2503.76
309,20-Jun-2017 00:00,21-Jun-2017 00:00,4.6203774589,11705.0,200.18,2345.88
310,21-Jun-2017 00:00,22-Jun-2017 00:00,5.61057803867,14062.0,199.86,2416.37
311,22-Jun-2017 00:00,23-Jun-2017 00:00,4.93760291346,12866.0,200.89,2669.84
312,23-Jun-2017 00:00,24-Jun-2017 00:00,3.33310888391,9443.88318821,203.13,3053.92
313,24-Jun-2017 00:00,25-Jun-2017 00:00,4.66736971011,12254.683307,201.12,2688.0
314,25-Jun-2017 00:00,26-Jun-2017 00:00,2.95378101736,7011.43350483,202.4,2716.64
315,26-Jun-2017 00:00,27-Jun-2017 00:00,3.18215423232,7768.0,200.3,2179.47
316,27-Jun-2017 00:00,28-Jun-2017 00:00,3.35474761941,9091.0,200.76,2333.66
317,28-Jun-2017 00:00,29-Jun-2017 00:00,2.11518222578,5559.0,202.53,2747.83
318,29-Jun-2017 00:00,30-Jun-2017 00:00,6.85458152304,14916.2327887,199.53,2407.11
319,30-Jun-2017 00:00,01-Jul-2017 00:00,3.84466928894,9304.76721134,201.15,2487.08
320,01-Jul-2017 00:00,02-Jul-2017 00:00,0.374716612306,986.0,202.11,2236.62
321,02-Jul-2017 00:00,03-Jul-2017 00:00,5.90316647632,14414.3681678,198.92,2187.44
322,03-Jul-2017 00:00,04-Jul-2017 00:00,8.0464931472,19604.3342079,197.58,2189.2
323,04-Jul-2017 00:00,05-Jul-2017 00:00,5.799225482,13647.4940115,201.51,2861.53
324,05-Jul-2017 00:00,06-Jul-2017 00:00,7.09306059595,15592.9858264,199.27,2362.07
325,06-Jul-2017 00:00,07-Jul-2017 00:00,9.89379633169,24773.3398177,195.69,2022.77
326,07-Jul-2017 00:00,08-Jul-2017 00:00,6.76056888876,17830.4779686,198.44,2235.62
327,08-Jul-2017 00:00,09-Jul-2017 00:00,2.39598205971,5229.0,202.39,2569.61
328,09-Jul-2017 00:00,10-Jul-2017 00:00,0.785687873136,2013.0,202.99,2598.24
329,10-Jul-2017 00:00,11-Jul-2017 00:00,5.9158062969,15248.553835,199.19,2337.78
330,11-Jul-2017 00:00,12-Jul-2017 00:00,3.00716990044,8986.99797922,201.31,2521.81
331,12-Jul-2017 00:00,13-Jul-2017 00:00,6.14180973797,15827.9984816,198.63,2221.2
332,13-Jul-2017 00:00,14-Jul-2017 00:00,4.19325346939,10818.4497042,200.74,2483.92
333,14-Jul-2017 00:00,15-Jul-2017 00:00,7.2871008343,18879.920798,197.79,2190.89
334,15-Jul-2017 00:00,16-Jul-2017 00:00,8.26988141538,19212.079202,197.91,2248.15
335,16-Jul-2017 00:00,17-Jul-2017 00:00,5.23987417521,14456.8208037,199.78,2425.08
336,17-Jul-2017 00:00,18-Jul-2017 00:00,10.7302112422,22958.1791963,198.64,2631.1
337,18-Jul-2017 00:00,19-Jul-2017 00:00,4.98092545749,12779.0,199.49,2224.67
338,19-Jul-2017 00:00,20-Jul-2017 00:00,4.67904184922,12622.0,199.65,2315.99
339,20-Jul-2017 00:00,21-Jul-2017 00:00,4.01458509449,10409.0,201.11,2571.31
340,21-Jul-2017 00:00,22-Jul-2017 00:00,10.1727199334,23303.7113187,198.0,2530.36
341,22-Jul-2017 00:00,23-Jul-2017 00:00,4.80738951635,12475.2886813,199.45,2273.81
342,23-Jul-2017 00:00,24-Jul-2017 00:00,3.6495579828,8718.30070519,199.52,2019.51
343,24-Jul-2017 00:00,25-Jul-2017 00:00,10.9620504358,24147.5483189,198.29,2608.17
344,25-Jul-2017 00:00,26-Jul-2017 00:00,6.47874546847,17459.1509759,197.67,2062.25
345,26-Jul-2017 00:00,27-Jul-2017 00:00,3.10815645822,7959.90384893,201.17,2450.73
346,27-Jul-2017 00:00,28-Jul-2017 00:00,14.4808133871,32873.0961511,195.51,2432.97
347,28-Jul-2017 00:00,29-Jul-2017 00:00,2.89015969199,8943.0,202.21,2731.41
348,29-Jul-2017 00:00,30-Jul-2017 00:00,6.53008386497,17344.0,199.37,2489.7
349,30-Jul-2017 00:00,31-Jul-2017 00:00,9.28582023809,24818.0,198.04,2604.91
350,31-Jul-2017 00:00,01-Aug-2017 00:00,5.51423986342,15327.0,199.45,2480.29
351,01-Aug-2017 00:00,02-Aug-2017 00:00,6.90914313811,20008.0,198.59,2407.97
352,02-Aug-2017 00:00,03-Aug-2017 00:00,6.59575395852,17903.0,199.06,2427.96
353,03-Aug-2017 00:00,04-Aug-2017 00:00,6.78063521553,16656.0,199.05,2425.54
354,04-Aug-2017 00:00,05-Aug-2017 00:00,9.04563467334,22623.0,197.9,2461.07
355,05-Aug-2017 00:00,06-Aug-2017 00:00,7.87445639776,20993.0,199.28,2665.7
356,06-Aug-2017 00:00,07-Aug-2017 00:00,3.04573402921,8273.0,199.43,1987.52
357,07-Aug-2017 00:00,08-Aug-2017 00:00,2.96569515268,7891.00239306,202.04,2634.78
358,08-Aug-2017 00:00,09-Aug-2017 00:00,9.94744441087,26368.9976069,198.18,2734.43
359,09-Aug-2017 00:00,10-Aug-2017 00:00,5.63644621611,15222.0,197.76,1959.81
360,10-Aug-2017 00:00,11-Aug-2017 00:00,11.3351552904,30218.0,196.12,2396.63
361,11-Aug-2017 00:00,12-Aug-2017 00:00,4.03975353008,12123.0,200.39,2475.13
362,12-Aug-2017 00:00,13-Aug-2017 00:00,8.17400455392,23390.0,197.18,2327.93
363,13-Aug-2017 00:00,14-Aug-2017 00:00,6.065499554,16294.0,200.71,2831.19
364,14-Aug-2017 00:00,15-Aug-2017 00:00,2.01277357329,5756.0,202.77,2643.96
365,15-Aug-2017 00:00,16-Aug-2017 00:00,5.55754506088,15150.0,199.97,2518.75
366,16-Aug-2017 00:00,17-Aug-2017 00:00,5.13297269965,13561.0,201.35,2804.85
367,17-Aug-2017 00:00,18-Aug-2017 00:00,4.8693503862,13845.0,201.46,2785.98
368,18-Aug-2017 00:00,19-Aug-2017 00:00,2.83951066435,7836.0,202.07,2691.04
369,19-Aug-2017 00:00,20-Aug-2017 00:00,6.06563284473,17096.0,197.81,2049.02
370,20-Aug-2017 00:00,21-Aug-2017 00:00,1.14190217441,3483.0,201.71,2357.94
371,21-Aug-2017 00:00,22-Aug-2017 00:00,1.27880725515,3956.0,201.52,2265.25
372,22-Aug-2017 00:00,23-Aug-2017 00:00,2.34947185701,6395.0,200.29,2072.18
373,23-Aug-2017 00:00,24-Aug-2017 00:00,1.96312677909,5453.0,202.55,2595.51
374,24-Aug-2017 00:00,25-Aug-2017 00:00,0.611443810682,1695.0,202.21,2342.99
375,25-Aug-2017 00:00,26-Aug-2017 00:00,2.57799481161,6642.85107427,201.03,2317.45
376,26-Aug-2017 00:00,27-Aug-2017 00:00,1.98682872607,5603.14892573,202.02,2529.34
377,27-Aug-2017 00:00,28-Aug-2017 00:00,1.5494595538,4401.0,203.18,2738.41
378,28-Aug-2017 00:00,29-Aug-2017 00:00,0.872922875702,2702.0,201.46,2181.87
379,29-Aug-2017 00:00,30-Aug-2017 00:00,2.54726839356,6358.95134984,201.2,2361.1
380,30-Aug-2017 00:00,31-Aug-2017 00:00,2.1017257551,5567.04865016,202.48,2643.26
381,31-Aug-2017 00:00,01-Sep-2017 00:00,2.84576112305,7349.0,201.66,2547.66
382,01-Sep-2017 00:00,02-Sep-2017 00:00,4.98891826561,11516.0,199.03,2051.32
383,02-Sep-2017 00:00,03-Sep-2017 00:00,2.11542345193,6594.0,202.86,2779.61
384,03-Sep-2017 00:00,04-Sep-2017 00:00,1.89801443582,5376.0,201.58,2357.0
385,04-Sep-2017 00:00,05-Sep-2017 00:00,0.977082555432,3188.0,202.43,2461.27
386,05-Sep-2017 00:00,06-Sep-2017 00:00,3.34013631904,8651.0,200.96,2368.46
387,06-Sep-2017 00:00,07-Sep-2017 00:00,1.41407663795,4146.0,202.4,2512.42
388,07-Sep-2017 00:00,08-Sep-2017 00:00,0.523664368283,1544.0,203.21,2639.08
389,08-Sep-2017 00:00,09-Sep-2017 00:00,0.648960346669,2156.0,202.01,2305.39
390,09-Sep-2017 00:00,10-Sep-2017 00:00,1.16709697245,3296.0,203.09,2695.52
391,10-Sep-2017 00:00,11-Sep-2017 00:00,2.55338723355,6800.0,201.6,2427.61
392,11-Sep-2017 00:00,12-Sep-2017 00:00,2.14081291408,6085.0,201.45,2397.11
393,12-Sep-2017 00:00,13-Sep-2017 00:00,0.995237094053,3072.0,203.83,2849.5
394,13-Sep-2017 00:00,14-Sep-2017 00:00,2.26749991972,6732.0,200.53,2173.4
395,14-Sep-2017 00:00,15-Sep-2017 00:00,4.61825062166,12794.0,199.74,2313.06
396,15-Sep-2017 00:00,16-Sep-2017 00:00,2.8780015534,6763.0,202.1,2580.46
397,16-Sep-2017 00:00,17-Sep-2017 00:00,5.10226238638,14232.5195087,200.06,2454.13
398,17-Sep-2017 00:00,18-Sep-2017 00:00,4.45995785991,11954.4804913,201.2,2680.6
399,18-Sep-2017 00:00,19-Sep-2017 00:00,6.43707105535,17157.0,199.96,2631.7
400,19-Sep-2017 00:00,20-Sep-2017 00:00,4.36688209413,11730.0,200.72,2517.38
401,20-Sep-2017 00:00,21-Sep-2017 00:00,2.20674938004,6143.0,202.2,2602.37
402,21-Sep-2017 00:00,22-Sep-2017 00:00,3.88172737779,9677.0,201.55,2708.07
403,22-Sep-2017 00:00,23-Sep-2017 00:00,4.21729474689,10601.2433834,199.97,2244.0
404,23-Sep-2017 00:00,24-Sep-2017 00:00,1.27477166462,4059.7566166,200.96,2119.89
405,24-Sep-2017 00:00,25-Sep-2017 00:00,5.59462454407,14602.0,200.11,2586.22
406,25-Sep-2017 00:00,26-Sep-2017 00:00,0.878232632199,2678.0,203.06,2593.92
407,26-Sep-2017 00:00,27-Sep-2017 00:00,1.15350756855,3380.0,202.05,2346.8
408,27-Sep-2017 00:00,28-Sep-2017 00:00,1.68537844264,4651.0,202.89,2690.07
409,28-Sep-2017 00:00,29-Sep-2017 00:00,0.773111082961,2146.0,202.1,2323.23
410,29-Sep-2017 00:00,30-Sep-2017 00:00,1.7573586504,4820.0,202.77,2713.73
411,30-Sep-2017 00:00,01-Oct-2017 00:00,1.0995515588,3395.76399196,202.64,2559.64
412,01-Oct-2017 00:00,02-Oct-2017 00:00,1.75867520333,5389.23600804,201.87,2418.88
413,02-Oct-2017 00:00,03-Oct-2017 00:00,1.48875875813,4629.0,203.59,2844.49
414,03-Oct-2017 00:00,04-Oct-2017 00:00,1.08487286947,3380.0,202.37,2504.93
415,04-Oct-2017 00:00,05-Oct-2017 00:00,1.01351540119,3337.0,204.5,3013.47
416,05-Oct-2017 00:00,06-Oct-2017 00:00,0.214455111849,817.0,205.07,3031.99
417,06-Oct-2017 00:00,07-Oct-2017 00:00,1.21796012097,3774.0,201.57,2275.51
418,07-Oct-2017 00:00,08-Oct-2017 00:00,1.1450059403,3513.54029252,202.41,2466.15
419,08-Oct-2017 00:00,09-Oct-2017 00:00,1.05996528107,3908.45970748,202.78,2631.94
420,09-Oct-2017 00:00,10-Oct-2017 00:00,0.931775544448,3325.0,200.79,1984.08
421,10-Oct-2017 00:00,11-Oct-2017 00:00,1.63188405908,4939.0,203.52,2797.13
422,11-Oct-2017 00:00,12-Oct-2017 00:00,2.61033322809,6177.0,202.9,2794.57
423,12-Oct-2017 00:00,13-Oct-2017 00:00,0.512948182039,1677.0,203.07,2502.38
424,13-Oct-2017 00:00,14-Oct-2017 00:00,1.0276932734,2985.30703889,202.39,2467.35
425,14-Oct-2017 00:00,15-Oct-2017 00:00,5.15531387735,14262.6929611,199.28,2300.95
426,15-Oct-2017 00:00,16-Oct-2017 00:00,1.4997337036,4379.0,203.69,2894.67
427,16-Oct-2017 00:00,17-Oct-2017 00:00,6.5452051089,14731.0,200.69,2703.28
428,17-Oct-2017 00:00,18-Oct-2017 00:00,6.60181430823,16634.0,198.63,2294.86
429,18-Oct-2017 00:00,19-Oct-2017 00:00,2.54933740747,5793.0,201.28,2323.65
430,19-Oct-2017 00:00,20-Oct-2017 00:00,2.6787468336,6339.0,202.47,2648.11
431,20-Oct-2017 00:00,21-Oct-2017 00:00,1.29484104346,3956.0,202.23,2448.51
432,21-Oct-2017 00:00,22-Oct-2017 00:00,2.45775559965,6796.0,200.59,2183.16
433,22-Oct-2017 00:00,23-Oct-2017 00:00,2.00064533348,5477.0,202.37,2588.63
434,23-Oct-2017 00:00,24-Oct-2017 00:00,1.18589965243,3014.87609849,203.18,2591.8
435,24-Oct-2017 00:00,25-Oct-2017 00:00,1.49501973214,4094.12390151,201.8,2344.55
436,25-Oct-2017 00:00,26-Oct-2017 00:00,2.34523398104,6381.0,202.56,2685.42
437,26-Oct-2017 00:00,27-Oct-2017 00:00,2.46469811243,6875.0,201.17,2322.51
438,27-Oct-2017 00:00,28-Oct-2017 00:00,6.59545149049,16802.0,199.85,2604.66
439,28-Oct-2017 00:00,29-Oct-2017 00:00,3.79262872332,9515.0,203.79,3206.65
440,29-Oct-2017 00:00,30-Oct-2017 00:00,3.22887390489,9635.0,201.67,2626.42
441,30-Oct-2017 00:00,31-Oct-2017 00:00,1.33292084012,3725.0,201.91,2330.75
442,31-Oct-2017 00:00,01-Nov-2017 00:00,3.05124986587,9211.0,202.01,2686.42
443,01-Nov-2017 00:00,02-Nov-2017 00:00,2.50525638402,7055.0,201.31,2425.43
444,02-Nov-2017 00:00,03-Nov-2017 00:00,1.55766338699,4780.0,201.91,2410.84
445,03-Nov-2017 00:00,04-Nov-2017 00:00,1.96947654878,5145.0,203.45,2908.75
446,04-Nov-2017 00:00,05-Nov-2017 00:00,2.2411204895,7189.0,201.82,2524.97
447,05-Nov-2017 00:00,06-Nov-2017 00:00,2.93360446023,7672.0,201.76,2548.53
448,06-Nov-2017 00:00,07-Nov-2017 00:00,0.148103818787,472.0,205.07,3004.67
449,07-Nov-2017 00:00,08-Nov-2017 00:00,1.56884096588,4504.0,203.8,2953.85
450,08-Nov-2017 00:00,09-Nov-2017 00:00,1.51613431332,3548.0,201.07,2135.01
451,09-Nov-2017 00:00,10-Nov-2017 00:00,0.390383286079,1110.36049791,202.67,2386.29
452,10-Nov-2017 00:00,11-Nov-2017 00:00,2.23485143417,6182.63950209,203.03,2806.4
453,11-Nov-2017 00:00,12-Nov-2017 00:00,1.47924457613,4203.55459487,203.36,2736.44
454,12-Nov-2017 00:00,13-Nov-2017 00:00,0.823124273565,2829.44540513,200.36,1870.85
455,13-Nov-2017 00:00,14-Nov-2017 00:00,0.659406855552,2137.0,203.52,2677.72
456,14-Nov-2017 00:00,15-Nov-2017 00:00,0.323809096445,1211.0,201.46,2024.66
457,15-Nov-2017 00:00,16-Nov-2017 00:00,1.2076805308,3868.0,202.42,2483.34
458,16-Nov-2017 00:00,17-Nov-2017 00:00,0.429389774403,1503.0,202.84,2494.63
459,17-Nov-2017 00:00,18-Nov-2017 00:00,3.49160324714,9362.0,201.02,2468.04
460,18-Nov-2017 00:00,19-Nov-2017 00:00,0.985492726051,2959.0,203.27,2635.59
461,19-Nov-2017 00:00,20-Nov-2017 00:00,1.89732270747,6000.0,202.19,2606.62
462,20-Nov-2017 00:00,21-Nov-2017 00:00,1.59148483632,4272.0,200.65,2043.58
463,21-Nov-2017 00:00,22-Nov-2017 00:00,0.58012134966,1900.0,202.72,2493.1
464,22-Nov-2017 00:00,23-Nov-2017 00:00,1.40480195282,3885.50453967,203.77,2870.27
465,23-Nov-2017 00:00,24-Nov-2017 00:00,3.0472878713,9518.49546033,201.59,2641.67
466,24-Nov-2017 00:00,25-Nov-2017 00:00,3.42209471324,8714.0,201.85,2671.37
467,25-Nov-2017 00:00,26-Nov-2017 00:00,1.82878069393,5069.90045543,202.11,2451.95
468,26-Nov-2017 00:00,27-Nov-2017 00:00,1.78754207129,5755.09954457,203.17,2766.1
469,27-Nov-2017 00:00,28-Nov-2017 00:00,1.0413786961,2819.0,202.26,2419.12
470,28-Nov-2017 00:00,29-Nov-2017 00:00,2.58012479921,7052.0,202.23,2662.14
471,29-Nov-2017 00:00,30-Nov-2017 00:00,3.18932953478,7954.0,201.09,2342.48
472,30-Nov-2017 00:00,01-Dec-2017 00:00,0.554985840665,1862.0,203.76,2775.09
473,01-Dec-2017 00:00,02-Dec-2017 00:00,2.86565285109,6545.4944697,200.49,2171.91
474,02-Dec-2017 00:00,03-Dec-2017 00:00,1.11559367411,3280.5055303,203.14,2694.73
475,03-Dec-2017 00:00,04-Dec-2017 00:00,3.5687397737,11166.1741392,199.45,2108.9
476,04-Dec-2017 00:00,05-Dec-2017 00:00,1.08836709553,3583.82586084,202.95,2585.36
477,05-Dec-2017 00:00,06-Dec-2017 00:00,0.869988186011,2941.0,202.83,2607.17
478,06-Dec-2017 00:00,07-Dec-2017 00:00,1.30318306999,3944.0,203.11,2724.75
479,07-Dec-2017 00:00,08-Dec-2017 00:00,3.60858277153,7958.0,203.04,2867.3
480,08-Dec-2017 00:00,09-Dec-2017 00:00,1.0609580026,3297.82541828,202.21,2392.2
481,09-Dec-2017 00:00,10-Dec-2017 00:00,2.12474129889,5968.17458172,202.84,2737.24
482,10-Dec-2017 00:00,11-Dec-2017 00:00,2.69209585434,8381.0,202.07,2664.12
483,11-Dec-2017 00:00,12-Dec-2017 00:00,1.68208569706,4594.0,201.81,2432.31
484,12-Dec-2017 00:00,13-Dec-2017 00:00,0.979888975766,2929.0,204.25,2905.12
485,13-Dec-2017 00:00,14-Dec-2017 00:00,1.51034992326,4142.0,202.94,2709.79
486,14-Dec-2017 00:00,15-Dec-2017 00:00,5.41266470041,14984.0,199.54,2393.49
487,15-Dec-2017 00:00,16-Dec-2017 00:00,1.48087756859,4212.0,202.7,2629.02
488,16-Dec-2017 00:00,17-Dec-2017 00:00,1.93844403379,5424.0,202.28,2608.99
489,17-Dec-2017 00:00,18-Dec-2017 00:00,0.47225906801,1628.0,200.61,1860.28
490,18-Dec-2017 00:00,19-Dec-2017 00:00,1.69912678357,4559.0,203.07,2726.35
491,19-Dec-2017 00:00,20-Dec-2017 00:00,0.877356422158,2646.40200949,201.53,2199.95
492,20-Dec-2017 00:00,21-Dec-2017 00:00,1.76393142384,5236.59799051,204.05,3059.99
493,21-Dec-2017 00:00,22-Dec-2017 00:00,1.79032892773,5484.10157834,202.37,2585.66
494,22-Dec-2017 00:00,23-Dec-2017 00:00,3.71984521089,8963.89842166,200.78,2356.43
495,23-Dec-2017 00:00,24-Dec-2017 00:00,4.55351316289,12321.3162818,200.63,2593.95
496,24-Dec-2017 00:00,25-Dec-2017 00:00,1.06026339764,3463.68371817,202.55,2501.46
497,25-Dec-2017 00:00,26-Dec-2017 00:00,0.854178091406,3053.0,202.31,2463.84
498,26-Dec-2017 00:00,27-Dec-2017 00:00,2.29545945067,6481.0,201.45,2436.56
499,27-Dec-2017 00:00,28-Dec-2017 00:00,1.51304701535,4911.40892851,201.49,2269.6
500,28-Dec-2017 00:00,29-Dec-2017 00:00,2.42899612305,7013.59107149,200.04,2083.46
501,29-Dec-2017 00:00,30-Dec-2017 00:00,1.7296384736,4686.79539133,204.37,3059.41
502,30-Dec-2017 00:00,31-Dec-2017 00:00,2.70782290356,7885.20460867,201.33,2444.47
503,31-Dec-2017 00:00,01-Jan-2018 00:00,0.938840677657,3165.16176485,201.69,2228.26
504,01-Jan-2018 00:00,02-Jan-2018 00:00,1.99645335091,6335.83823515,200.98,2244.27
505,02-Jan-2018 00:00,03-Jan-2018 00:00,1.33074144271,3879.0,203.99,2961.45
506,03-Jan-2018 00:00,04-Jan-2018 00:00,1.76924803499,5187.74843537,202.21,2533.96
507,04-Jan-2018 00:00,05-Jan-2018 00:00,2.3054509001,7136.25156463,199.86,1966.03
508,05-Jan-2018 00:00,06-Jan-2018 00:00,3.79072206064,8340.0,200.59,2255.35
509,06-Jan-2018 00:00,07-Jan-2018 00:00,1.4515643351,4195.0,203.16,2741.52
