Start,Finish,Active Calories (kcal),Dietary Calories (cal),Distance (mi),Steps (count),Weight (lb)
15-Aug-2016 00:00,16-Aug-2016 00:00,0.0,0.0,10.2733156986558,25305.0,0.0
16-Aug-2016 00:00,17-Aug-2016 00:00,0.0,0.0,5.18213456423762,12475.0,0.0
17-Aug-2016 00:00,18-Aug-2016 00:00,0.0,0.0,6.09923142651449,14898.0,0.0
18-Aug-2016 00:00,19-Aug-2016 00:00,0.0,0.0,2.78149979121935,6656.0,0.0
19-Aug-2016 00:00,20-Aug-2016 00:00,0.0,0.0,2.50752480513811,6886.0,0.0
20-Aug-2016 00:00,21-Aug-2016 00:00,0.0,0.0,7.66763352024186,16479.0,0.0
21-Aug-2016 00:00,22-Aug-2016 00:00,0.0,0.0,5.30360965424724,13738.900012367,0.0
22-Aug-2016 00:00,23-Aug-2016 00:00,0.0,0.0,5.3182985664469,13670.8167615654,0.0
23-Aug-2016 00:00,24-Aug-2016 00:00,0.0,0.0,11.0425597325426,27476.6504084082,0.0
24-Aug-2016 00:00,25-Aug-2016 00:00,0.0,0.0,6.48384698717958,14724.6328176594,0.0
25-Aug-2016 00:00,26-Aug-2016 00:00,0.0,0.0,5.03328580009235,11507.0,0.0
26-Aug-2016 00:00,27-Aug-2016 00:00,0.0,0.0,6.61358934475287,16500.0,0.0
27-Aug-2016 00:00,28-Aug-2016 00:00,0.0,0.0,7.85702470613577,18001.0,0.0
28-Aug-2016 00:00,29-Aug-2016 00:00,0.0,0.0,3.242201517946,7926.0,0.0
29-Aug-2016 00:00,30-Aug-2016 00:00,0.0,0.0,2.73548587587,7388.0,0.0
30-Aug-2016 00:00,31-Aug-2016 00:00,0.0,0.0,9.56093382123918,20924.0,0.0
31-Aug-2016 00:00,01-Sep-2016 00:00,0.0,0.0,5.50261557275672,13451.0,0.0
01-Sep-2016 00:00,02-Sep-2016 00:00,0.0,0.0,3.1916027765213,7702.0,0.0
02-Sep-2016 00:00,03-Sep-2016 00:00,0.0,0.0,3.18239771015416,7259.79507904423,0.0
03-Sep-2016 00:00,04-Sep-2016 00:00,0.0,0.0,5.62355328609755,14775.2049209558,0.0
04-Sep-2016 00:00,05-Sep-2016 00:00,0.0,0.0,2.29156792723077,6164.0,0.0
05-Sep-2016 00:00,06-Sep-2016 00:00,0.0,0.0,7.07694195362419,17237.0,0.0
06-Sep-2016 00:00,07-Sep-2016 00:00,0.0,0.0,1.19830700011078,3289.0,0.0
07-Sep-2016 00:00,08-Sep-2016 00:00,0.0,0.0,4.39244788859525,10791.0,0.0
08-Sep-2016 00:00,09-Sep-2016 00:00,0.0,0.0,1.95992462920873,4997.0,0.0
09-Sep-2016 00:00,10-Sep-2016 00:00,0.0,0.0,4.49703989373062,10774.0,0.0
10-Sep-2016 00:00,11-Sep-2016 00:00,0.0,0.0,2.89354866028253,7153.0,0.0
11-Sep-2016 00:00,12-Sep-2016 00:00,0.0,0.0,2.88664729842218,7292.0,0.0
12-Sep-2016 00:00,13-Sep-2016 00:00,0.0,0.0,5.39448316560574,14403.0,0.0
13-Sep-2016 00:00,14-Sep-2016 00:00,0.0,0.0,3.87107447391464,9509.47361620538,0.0
14-Sep-2016 00:00,15-Sep-2016 00:00,0.0,0.0,3.63598488924739,9148.52638379462,0.0
15-Sep-2016 00:00,16-Sep-2016 00:00,0.0,0.0,2.28094174048504,5690.0,0.0
16-Sep-2016 00:00,17-Sep-2016 00:00,0.0,0.0,5.18427745862729,12527.0,0.0
17-Sep-2016 00:00,18-Sep-2016 00:00,0.0,0.0,2.97045742018905,7357.0,0.0
18-Sep-2016 00:00,19-Sep-2016 00:00,0.0,0.0,4.8706848863723,12396.0,0.0
19-Sep-2016 00:00,20-Sep-2016 00:00,0.0,0.0,0.92245052316408,2482.0,0.0
20-Sep-2016 00:00,21-Sep-2016 00:00,0.0,0.0,4.50747029803622,11494.0,0.0
21-Sep-2016 00:00,22-Sep-2016 00:00,0.0,0.0,7.05086417333489,16707.0,0.0
22-Sep-2016 00:00,23-Sep-2016 00:00,0.0,0.0,6.51258449711336,16882.0,0.0
23-Sep-2016 00:00,24-Sep-2016 00:00,0.0,0.0,7.61788686214081,18452.0,0.0
24-Sep-2016 00:00,25-Sep-2016 00:00,0.0,0.0,4.45762949637875,10861.3591082738,0.0
25-Sep-2016 00:00,26-Sep-2016 00:00,0.0,0.0,12.1749124912592,28322.3636800727,0.0
26-Sep-2016 00:00,27-Sep-2016 00:00,0.0,0.0,3.93161286574285,7426.27721165351,0.0
27-Sep-2016 00:00,28-Sep-2016 00:00,0.0,0.0,8.10398278015208,19205.0,0.0
28-Sep-2016 00:00,29-Sep-2016 00:00,0.0,0.0,3.66364320932612,9096.0,0.0
29-Sep-2016 00:00,30-Sep-2016 00:00,0.0,0.0,4.27820750257265,11262.0,0.0
30-Sep-2016 00:00,01-Oct-2016 00:00,0.0,0.0,3.36376476351207,8667.75551398909,0.0
01-Oct-2016 00:00,02-Oct-2016 00:00,0.0,0.0,3.20592754731363,8158.24448601091,0.0
02-Oct-2016 00:00,03-Oct-2016 00:00,0.0,0.0,6.77673840941537,15602.0,0.0
03-Oct-2016 00:00,04-Oct-2016 00:00,0.0,0.0,4.81725689879182,12725.0,0.0
04-Oct-2016 00:00,05-Oct-2016 00:00,0.0,0.0,2.90148193818429,7425.0,0.0
05-Oct-2016 00:00,06-Oct-2016 00:00,0.0,0.0,1.09183933484794,2758.0,0.0
06-Oct-2016 00:00,07-Oct-2016 00:00,0.0,0.0,5.48808568838228,13955.0,0.0
07-Oct-2016 00:00,08-Oct-2016 00:00,0.0,0.0,1.81895790297309,4465.0,0.0
08-Oct-2016 00:00,09-Oct-2016 00:00,0.0,0.0,4.15243679341978,10853.0,0.0
09-Oct-2016 00:00,10-Oct-2016 00:00,0.0,0.0,1.92587036015304,5146.9264802218,0.0
10-Oct-2016 00:00,11-Oct-2016 00:00,0.0,0.0,3.21246277966824,8111.13078890334,0.0
11-Oct-2016 00:00,12-Oct-2016 00:00,0.0,0.0,2.12210976001277,5029.94273087486,0.0
12-Oct-2016 00:00,13-Oct-2016 00:00,0.0,0.0,0.802147938321084,2086.0,0.0
13-Oct-2016 00:00,14-Oct-2016 00:00,0.0,0.0,2.50715807258938,6982.0,0.0
14-Oct-2016 00:00,15-Oct-2016 00:00,0.0,0.0,2.45236046848172,6790.0,0.0
15-Oct-2016 00:00,16-Oct-2016 00:00,0.0,0.0,4.38326111600605,11545.0,0.0
16-Oct-2016 00:00,17-Oct-2016 00:00,0.0,0.0,4.03967063987604,9993.87409526674,0.0
17-Oct-2016 00:00,18-Oct-2016 00:00,0.0,0.0,0.997407374689183,2873.12590473326,0.0
18-Oct-2016 00:00,19-Oct-2016 00:00,0.0,0.0,3.76399791655719,9893.0,0.0
19-Oct-2016 00:00,20-Oct-2016 00:00,0.0,0.0,3.58068472290621,9340.99858405791,0.0
20-Oct-2016 00:00,21-Oct-2016 00:00,0.0,0.0,5.07842824888076,12897.0014159421,0.0
21-Oct-2016 00:00,22-Oct-2016 00:00,0.0,0.0,8.73999723262245,22803.0,0.0
22-Oct-2016 00:00,23-Oct-2016 00:00,0.0,0.0,2.73850860120328,7167.0,0.0
23-Oct-2016 00:00,24-Oct-2016 00:00,0.0,0.0,3.77278075437007,8775.0,0.0
24-Oct-2016 00:00,25-Oct-2016 00:00,0.0,0.0,8.89575367391319,20853.3947052358,0.0
25-Oct-2016 00:00,26-Oct-2016 00:00,0.0,0.0,4.42660661095997,11202.6052947642,0.0
26-Oct-2016 00:00,27-Oct-2016 00:00,0.0,0.0,5.06756319124099,13757.0,0.0
27-Oct-2016 00:00,28-Oct-2016 00:00,0.0,0.0,1.064061444673,2943.74483751041,0.0
28-Oct-2016 00:00,29-Oct-2016 00:00,0.0,0.0,6.33139171607335,17844.2551624896,0.0
29-Oct-2016 00:00,30-Oct-2016 00:00,0.0,0.0,7.20902108634862,19388.0,0.0
30-Oct-2016 00:00,31-Oct-2016 00:00,0.0,0.0,5.01606681658036,14084.4456615051,0.0
31-Oct-2016 00:00,01-Nov-2016 00:00,0.0,0.0,4.76338452510208,11554.9067672873,0.0
01-Nov-2016 00:00,02-Nov-2016 00:00,0.0,0.0,2.66627830399821,6847.57241149839,0.0
02-Nov-2016 00:00,03-Nov-2016 00:00,0.0,0.0,6.42753342101248,16556.7077247372,0.0
03-Nov-2016 00:00,04-Nov-2016 00:00,0.0,0.0,2.18433363517672,6047.36743497204,0.0
04-Nov-2016 00:00,05-Nov-2016 00:00,0.0,0.0,5.64976376423761,13585.0,0.0
05-Nov-2016 00:00,06-Nov-2016 00:00,0.0,0.0,4.2425568551575,11703.9981232471,0.0
06-Nov-2016 00:00,07-Nov-2016 00:00,0.0,0.0,8.72960131914363,21344.9115065235,0.0
07-Nov-2016 00:00,08-Nov-2016 00:00,0.0,0.0,3.9652830993722,11204.0903702293,0.0
08-Nov-2016 00:00,09-Nov-2016 00:00,0.0,0.0,1.65589041775955,4926.0,0.0
09-Nov-2016 00:00,10-Nov-2016 00:00,0.0,0.0,5.71299899766559,15516.0,0.0
10-Nov-2016 00:00,11-Nov-2016 00:00,0.0,0.0,5.64495099083105,13412.0,0.0
11-Nov-2016 00:00,12-Nov-2016 00:00,0.0,0.0,7.02058067352143,17605.8020601123,0.0
12-Nov-2016 00:00,13-Nov-2016 00:00,0.0,0.0,3.06863883326016,8587.19793988774,0.0
13-Nov-2016 00:00,14-Nov-2016 00:00,0.0,0.0,1.20033659551009,3074.42310782224,0.0
14-Nov-2016 00:00,15-Nov-2016 00:00,0.0,0.0,3.96163800803925,9092.57689217776,0.0
15-Nov-2016 00:00,16-Nov-2016 00:00,0.0,0.0,5.08465075012726,12939.0,0.0
16-Nov-2016 00:00,17-Nov-2016 00:00,0.0,0.0,7.57521491934853,19230.3076409899,0.0
17-Nov-2016 00:00,18-Nov-2016 00:00,0.0,0.0,1.28779492422135,3628.69235901015,0.0
18-Nov-2016 00:00,19-Nov-2016 00:00,0.0,0.0,2.48688708301325,6301.22913719027,0.0
19-Nov-2016 00:00,20-Nov-2016 00:00,0.0,0.0,7.31171436490655,18427.7708628097,0.0
20-Nov-2016 00:00,21-Nov-2016 00:00,0.0,0.0,0.228286776231877,677.234025741878,0.0
21-Nov-2016 00:00,22-Nov-2016 00:00,0.0,0.0,4.46117966862822,10733.7659742581,0.0
22-Nov-2016 00:00,23-Nov-2016 00:00,0.0,0.0,5.77588370382251,13784.0,0.0
23-Nov-2016 00:00,24-Nov-2016 00:00,0.0,0.0,1.26939074884229,3463.0,0.0
24-Nov-2016 00:00,25-Nov-2016 00:00,0.0,0.0,4.09326438934179,10535.0,0.0
25-Nov-2016 00:00,26-Nov-2016 00:00,0.0,0.0,4.08821360559575,9649.0065326379,0.0
26-Nov-2016 00:00,27-Nov-2016 00:00,0.0,0.0,4.25574382732613,10343.9934673621,0.0
27-Nov-2016 00:00,28-Nov-2016 00:00,0.0,0.0,2.34778999204582,5871.36966824713,0.0
28-Nov-2016 00:00,29-Nov-2016 00:00,0.0,0.0,2.72055603512112,6968.35012874891,0.0
29-Nov-2016 00:00,30-Nov-2016 00:00,0.0,0.0,1.73620651887679,4590.28020300395,0.0
30-Nov-2016 00:00,01-Dec-2016 00:00,0.0,0.0,3.4990663168509,8370.96741872573,0.0
01-Dec-2016 00:00,02-Dec-2016 00:00,0.0,0.0,4.74665956206049,11022.0325812743,0.0
02-Dec-2016 00:00,03-Dec-2016 00:00,0.0,0.0,2.95509115980848,7367.0,0.0
03-Dec-2016 00:00,04-Dec-2016 00:00,0.0,0.0,8.05887759969611,18767.0,0.0
04-Dec-2016 00:00,05-Dec-2016 00:00,0.0,0.0,1.92258172664261,4934.0,0.0
05-Dec-2016 00:00,06-Dec-2016 00:00,0.0,0.0,2.70523168818233,7152.0,0.0
06-Dec-2016 00:00,07-Dec-2016 00:00,0.0,0.0,2.60366718710597,6532.0,0.0
07-Dec-2016 00:00,08-Dec-2016 00:00,0.0,0.0,0.680016003492405,1917.66783251294,0.0
08-Dec-2016 00:00,09-Dec-2016 00:00,0.0,0.0,4.62063622530817,11421.3321674871,0.0
09-Dec-2016 00:00,10-Dec-2016 00:00,0.0,0.0,5.13121883355948,13335.0,0.0
10-Dec-2016 00:00,11-Dec-2016 00:00,0.0,0.0,3.97907271934664,10639.0,0.0
11-Dec-2016 00:00,12-Dec-2016 00:00,0.0,0.0,1.08884716009594,2844.3712110073,0.0
12-Dec-2016 00:00,13-Dec-2016 00:00,0.0,0.0,5.71568427606962,13313.6287889927,0.0
13-Dec-2016 00:00,14-Dec-2016 00:00,0.0,0.0,1.62078140373019,4700.0,0.0
14-Dec-2016 00:00,15-Dec-2016 00:00,0.0,0.0,1.49286953252422,4179.0,0.0
15-Dec-2016 00:00,16-Dec-2016 00:00,0.0,0.0,1.91700900797804,5572.0,0.0
16-Dec-2016 00:00,17-Dec-2016 00:00,0.0,0.0,3.27409713122027,8196.0,0.0
17-Dec-2016 00:00,18-Dec-2016 00:00,0.0,0.0,3.01380839197148,8408.0,0.0
18-Dec-2016 00:00,19-Dec-2016 00:00,0.0,0.0,0.748607153428554,2248.0,0.0
19-Dec-2016 00:00,20-Dec-2016 00:00,0.0,0.0,1.72200974995937,4840.0,0.0
20-Dec-2016 00:00,21-Dec-2016 00:00,0.0,0.0,5.98933244205952,14636.0,0.0
21-Dec-2016 00:00,22-Dec-2016 00:00,0.0,0.0,2.55613752076026,7123.0,0.0
22-Dec-2016 00:00,23-Dec-2016 00:00,0.0,0.0,3.33731800041163,8636.0,0.0
23-Dec-2016 00:00,24-Dec-2016 00:00,0.0,0.0,2.48236734575707,6479.0,0.0
24-Dec-2016 00:00,25-Dec-2016 00:00,0.0,0.0,4.65725782438894,11605.0,0.0
25-Dec-2016 00:00,26-Dec-2016 00:00,0.0,0.0,6.22071527777257,15003.0,0.0
26-Dec-2016 00:00,27-Dec-2016 00:00,0.0,0.0,6.99084909035304,17769.0,0.0
27-Dec-2016 00:00,28-Dec-2016 00:00,0.0,0.0,1.25634785670023,3308.0,0.0
28-Dec-2016 00:00,29-Dec-2016 00:00,0.0,0.0,1.01642426703726,2320.58102279675,0.0
29-Dec-2016 00:00,30-Dec-2016 00:00,0.0,0.0,3.17387301284657,8658.89313852627,0.0
30-Dec-2016 00:00,31-Dec-2016 00:00,0.0,0.0,10.4518907082481,27382.525838677,0.0
31-Dec-2016 00:00,01-Jan-2017 00:00,0.0,0.0,6.31493473907258,16474.0,0.0
01-Jan-2017 00:00,02-Jan-2017 00:00,0.0,0.0,6.88596935586895,16407.0,0.0
02-Jan-2017 00:00,03-Jan-2017 00:00,0.0,0.0,8.76529635095657,22753.0,0.0
03-Jan-2017 00:00,04-Jan-2017 00:00,0.0,0.0,2.16826860135218,5243.0,0.0
04-Jan-2017 00:00,05-Jan-2017 00:00,0.0,0.0,3.90685113115406,9246.0,0.0
05-Jan-2017 00:00,06-Jan-2017 00:00,0.0,0.0,1.06137568902601,2924.0,0.0
06-Jan-2017 00:00,07-Jan-2017 00:00,0.0,0.0,6.09340286710695,14547.0358110105,0.0
07-Jan-2017 00:00,08-Jan-2017 00:00,0.0,0.0,1.65128280545321,4592.96418898947,0.0
08-Jan-2017 00:00,09-Jan-2017 00:00,0.0,0.0,0.2198466730203,692.0,0.0
09-Jan-2017 00:00,10-Jan-2017 00:00,0.0,0.0,0.0201386403403599,81.0,0.0
10-Jan-2017 00:00,11-Jan-2017 00:00,0.0,0.0,1.62676725991151,4042.0,0.0
11-Jan-2017 00:00,12-Jan-2017 00:00,0.0,0.0,1.2781670636643,3476.0,0.0
12-Jan-2017 00:00,13-Jan-2017 00:00,0.0,0.0,1.81496862008913,4717.0,0.0
13-Jan-2017 00:00,14-Jan-2017 00:00,0.0,0.0,4.77287732071162,12333.0,0.0
14-Jan-2017 00:00,15-Jan-2017 00:00,0.0,0.0,0.854808774988443,2026.0,0.0
15-Jan-2017 00:00,16-Jan-2017 00:00,0.0,0.0,5.15718052634187,11507.4324460044,0.0
16-Jan-2017 00:00,17-Jan-2017 00:00,0.0,0.0,0.702916739755207,2018.56755399556,0.0
17-Jan-2017 00:00,18-Jan-2017 00:00,0.0,0.0,1.83941319784428,4982.14485654835,0.0
18-Jan-2017 00:00,19-Jan-2017 00:00,0.0,0.0,7.08339871432884,17148.8551434517,0.0
19-Jan-2017 00:00,20-Jan-2017 00:00,0.0,0.0,2.17982053578266,5702.0,0.0
20-Jan-2017 00:00,21-Jan-2017 00:00,0.0,0.0,3.355988953527,8586.0,0.0
21-Jan-2017 00:00,22-Jan-2017 00:00,0.0,0.0,0.839501406048918,2191.0,0.0
22-Jan-2017 00:00,23-Jan-2017 00:00,0.0,0.0,2.47737850493083,6362.0,0.0
23-Jan-2017 00:00,24-Jan-2017 00:00,0.0,0.0,1.84905141666072,4728.0,0.0
24-Jan-2017 00:00,25-Jan-2017 00:00,0.0,0.0,1.52983209668455,4216.0,0.0
25-Jan-2017 00:00,26-Jan-2017 00:00,0.0,0.0,0.996164056821345,2399.45495229892,0.0
26-Jan-2017 00:00,27-Jan-2017 00:00,0.0,0.0,3.40483955670768,8489.54504770108,0.0
27-Jan-2017 00:00,28-Jan-2017 00:00,0.0,0.0,6.27795848717567,15377.8073271155,0.0
28-Jan-2017 00:00,29-Jan-2017 00:00,0.0,0.0,2.98577471153592,7799.19267288446,0.0
29-Jan-2017 00:00,30-Jan-2017 00:00,0.0,0.0,8.33189144481116,18804.0,0.0
30-Jan-2017 00:00,31-Jan-2017 00:00,0.0,0.0,0.0232827785729709,56.0,0.0
31-Jan-2017 00:00,01-Feb-2017 00:00,0.0,0.0,1.71842206550231,4883.7566038969,0.0
01-Feb-2017 00:00,02-Feb-2017 00:00,0.0,0.0,4.87125447028384,13309.2433961031,0.0
02-Feb-2017 00:00,03-Feb-2017 00:00,0.0,0.0,8.0162014182915,19260.9845981629,0.0
03-Feb-2017 00:00,04-Feb-2017 00:00,0.0,0.0,9.73266538981929,22672.0154018371,0.0
04-Feb-2017 00:00,05-Feb-2017 00:00,0.0,0.0,7.23588969122482,17166.8241358709,0.0
05-Feb-2017 00:00,06-Feb-2017 00:00,0.0,0.0,7.5260316566732,19245.0171359304,0.0
06-Feb-2017 00:00,07-Feb-2017 00:00,0.0,0.0,2.36296901584322,5829.15872819871,0.0
07-Feb-2017 00:00,08-Feb-2017 00:00,0.0,0.0,2.05882536481652,5485.0,0.0
08-Feb-2017 00:00,09-Feb-2017 00:00,0.0,0.0,0.269383052970669,743.0,0.0
09-Feb-2017 00:00,10-Feb-2017 00:00,0.0,0.0,2.54758651987346,6637.0,0.0
10-Feb-2017 00:00,11-Feb-2017 00:00,0.0,0.0,8.9699014931488,21959.9522348736,0.0
11-Feb-2017 00:00,12-Feb-2017 00:00,0.0,0.0,8.87519581550372,22619.2800686087,0.0
12-Feb-2017 00:00,13-Feb-2017 00:00,0.0,0.0,5.68691719517526,14267.7676965177,0.0
13-Feb-2017 00:00,14-Feb-2017 00:00,0.0,0.0,1.22422731057509,3390.47993728475,0.0
14-Feb-2017 00:00,15-Feb-2017 00:00,0.0,0.0,1.78272894277358,4312.82921620471,0.0
15-Feb-2017 00:00,16-Feb-2017 00:00,0.0,0.0,10.1951976407757,24164.6908465105,0.0
16-Feb-2017 00:00,17-Feb-2017 00:00,0.0,0.0,6.06775735533099,14487.0,0.0
17-Feb-2017 00:00,18-Feb-2017 00:00,0.0,0.0,6.23589643863903,15154.0,0.0
18-Feb-2017 00:00,19-Feb-2017 00:00,0.0,0.0,3.22720392909549,9004.0,0.0
19-Feb-2017 00:00,20-Feb-2017 00:00,0.0,0.0,3.58183279408978,9564.0,0.0
20-Feb-2017 00:00,21-Feb-2017 00:00,0.0,0.0,0.55314492040983,1415.0,0.0
21-Feb-2017 00:00,22-Feb-2017 00:00,0.0,0.0,3.11624416481089,7585.0,0.0
22-Feb-2017 00:00,23-Feb-2017 00:00,0.0,0.0,6.97740895447589,16004.0,0.0
23-Feb-2017 00:00,24-Feb-2017 00:00,0.0,0.0,2.03350465417712,5048.0,0.0
24-Feb-2017 00:00,25-Feb-2017 00:00,0.0,0.0,1.04720903715369,2452.0,0.0
25-Feb-2017 00:00,26-Feb-2017 00:00,0.0,0.0,1.17786747367733,7492.0,0.0
26-Feb-2017 00:00,27-Feb-2017 00:00,0.0,0.0,4.56896319097317,11857.8466203006,0.0
27-Feb-2017 00:00,28-Feb-2017 00:00,0.0,0.0,0.399041073699974,1165.15337969936,0.0
28-Feb-2017 00:00,01-Mar-2017 00:00,0.0,0.0,3.55652933545218,8470.80732306258,0.0
01-Mar-2017 00:00,02-Mar-2017 00:00,0.0,0.0,4.25591953909054,10717.1926769374,0.0
02-Mar-2017 00:00,03-Mar-2017 00:00,0.0,0.0,4.26758556103894,11384.0,0.0
03-Mar-2017 00:00,04-Mar-2017 00:00,0.0,0.0,6.39332731902674,15615.0,0.0
04-Mar-2017 00:00,05-Mar-2017 00:00,0.0,0.0,6.26570980314555,15832.0,0.0
05-Mar-2017 00:00,06-Mar-2017 00:00,0.0,0.0,2.94366183499792,7380.08719182137,0.0
06-Mar-2017 00:00,07-Mar-2017 00:00,0.0,0.0,1.59421173504337,4139.91280817863,0.0
07-Mar-2017 00:00,08-Mar-2017 00:00,0.0,0.0,3.62104865537354,9264.0,0.0
08-Mar-2017 00:00,09-Mar-2017 00:00,0.0,0.0,3.20092407131821,7529.0,0.0
09-Mar-2017 00:00,10-Mar-2017 00:00,0.0,0.0,1.93214641625872,5339.0,0.0
10-Mar-2017 00:00,11-Mar-2017 00:00,0.0,0.0,7.21201238551698,17018.0,0.0
11-Mar-2017 00:00,12-Mar-2017 00:00,0.0,0.0,7.61319776060749,20291.0,0.0
12-Mar-2017 00:00,13-Mar-2017 00:00,0.0,0.0,2.93043689472576,6419.7256417796,0.0
13-Mar-2017 00:00,14-Mar-2017 00:00,0.0,0.0,2.08537793424721,5507.2743582204,0.0
14-Mar-2017 00:00,15-Mar-2017 00:00,0.0,0.0,2.29633421936866,5435.48686189219,0.0
15-Mar-2017 00:00,16-Mar-2017 00:00,0.0,0.0,2.33218176151733,5902.51313810781,0.0
16-Mar-2017 00:00,17-Mar-2017 00:00,0.0,0.0,7.82805248418967,17834.0,0.0
17-Mar-2017 00:00,18-Mar-2017 00:00,0.0,0.0,5.91777623880672,14267.0,0.0
18-Mar-2017 00:00,19-Mar-2017 00:00,0.0,0.0,11.4530837745678,26818.0,0.0
19-Mar-2017 00:00,20-Mar-2017 00:00,0.0,0.0,2.80273188122146,7167.9587550765,0.0
20-Mar-2017 00:00,21-Mar-2017 00:00,0.0,0.0,1.30654621604181,3434.0412449235,0.0
21-Mar-2017 00:00,22-Mar-2017 00:00,0.0,0.0,3.51669451902888,9225.46021032961,0.0
22-Mar-2017 00:00,23-Mar-2017 00:00,0.0,0.0,0.821694622404498,2199.24404864411,0.0
23-Mar-2017 00:00,24-Mar-2017 00:00,0.0,0.0,2.20491865255575,5937.29574102628,0.0
24-Mar-2017 00:00,25-Mar-2017 00:00,0.0,0.0,0.881491276105671,2428.0,0.0
25-Mar-2017 00:00,26-Mar-2017 00:00,0.0,0.0,5.62914916205829,12922.0,0.0
26-Mar-2017 00:00,27-Mar-2017 00:00,0.0,0.0,0.44518280157299,1201.37853161902,0.0
27-Mar-2017 00:00,28-Mar-2017 00:00,0.0,0.0,1.49183238598872,4351.62146838098,0.0
28-Mar-2017 00:00,29-Mar-2017 00:00,0.0,0.0,1.69104601789514,4722.0,0.0
29-Mar-2017 00:00,30-Mar-2017 00:00,0.0,0.0,6.60982518146174,16704.0,0.0
30-Mar-2017 00:00,31-Mar-2017 00:00,0.0,0.0,2.79301611787948,7368.9144500441,0.0
31-Mar-2017 00:00,01-Apr-2017 00:00,0.0,0.0,5.45304213265392,13288.0855499559,0.0
01-Apr-2017 00:00,02-Apr-2017 00:00,0.0,0.0,5.97234300523024,16496.3641003037,0.0
02-Apr-2017 00:00,03-Apr-2017 00:00,0.0,0.0,5.54409438972964,15220.6358996963,0.0
03-Apr-2017 00:00,04-Apr-2017 00:00,0.0,0.0,2.3860388964552,6146.36995309398,0.0
04-Apr-2017 00:00,05-Apr-2017 00:00,0.0,0.0,1.76281601642248,4528.63004690602,0.0
05-Apr-2017 00:00,06-Apr-2017 00:00,0.0,0.0,1.09666012924969,2971.0,0.0
06-Apr-2017 00:00,07-Apr-2017 00:00,0.0,0.0,0.791165548470247,2387.0,0.0
07-Apr-2017 00:00,08-Apr-2017 00:00,0.0,0.0,3.50732470825104,9619.0,0.0
08-Apr-2017 00:00,09-Apr-2017 00:00,0.0,0.0,3.82018656422355,10131.9769626765,0.0
09-Apr-2017 00:00,10-Apr-2017 00:00,0.0,0.0,3.86608569572875,11075.0230373235,0.0
10-Apr-2017 00:00,11-Apr-2017 00:00,0.0,0.0,8.52694856644329,23212.0,0.0
11-Apr-2017 00:00,12-Apr-2017 00:00,0.0,0.0,4.35516526078079,11692.0378876238,0.0
12-Apr-2017 00:00,13-Apr-2017 00:00,0.0,0.0,5.58262965255158,15142.9621123762,0.0
13-Apr-2017 00:00,14-Apr-2017 00:00,0.0,0.0,1.72023913923183,4602.0,0.0
14-Apr-2017 00:00,15-Apr-2017 00:00,0.0,0.0,5.12896502130528,11833.0,0.0
15-Apr-2017 00:00,16-Apr-2017 00:00,0.0,0.0,1.2100417640128,3165.0,0.0
16-Apr-2017 00:00,17-Apr-2017 00:00,0.0,0.0,1.85927997144657,4946.53685429975,0.0
17-Apr-2017 00:00,18-Apr-2017 00:00,0.0,0.0,5.64295352302081,14396.6479016532,0.0
18-Apr-2017 00:00,19-Apr-2017 00:00,0.0,0.0,5.16977942281194,11095.6048953051,0.0
19-Apr-2017 00:00,20-Apr-2017 00:00,0.0,0.0,1.57391096743736,4157.21034874191,0.0
20-Apr-2017 00:00,21-Apr-2017 00:00,0.0,0.0,2.70398405887608,6979.0,0.0
21-Apr-2017 00:00,22-Apr-2017 00:00,0.0,0.0,5.99628240598402,15139.0,0.0
22-Apr-2017 00:00,23-Apr-2017 00:00,0.0,0.0,2.97698408761328,7481.32452116108,0.0
23-Apr-2017 00:00,24-Apr-2017 00:00,0.0,0.0,2.06562525773485,4642.01594433569,0.0
24-Apr-2017 00:00,25-Apr-2017 00:00,0.0,0.0,4.39207999076245,10071.0832790456,0.0
25-Apr-2017 00:00,26-Apr-2017 00:00,0.0,0.0,1.65002237065911,4601.91398812022,0.0
26-Apr-2017 00:00,27-Apr-2017 00:00,0.0,0.0,4.17298428864195,10142.6622673374,0.0
27-Apr-2017 00:00,28-Apr-2017 00:00,0.0,0.0,2.11227424549332,5845.0,0.0
28-Apr-2017 00:00,29-Apr-2017 00:00,0.0,0.0,5.50948878419436,11651.0,0.0
29-Apr-2017 00:00,30-Apr-2017 00:00,0.0,0.0,5.42788790897153,13667.0,0.0
30-Apr-2017 00:00,01-May-2017 00:00,0.0,0.0,2.28096670843477,5838.37704676904,0.0
01-May-2017 00:00,02-May-2017 00:00,0.0,0.0,10.9404267048138,25798.622953231,0.0
02-May-2017 00:00,03-May-2017 00:00,0.0,0.0,3.66212020051267,10320.0,0.0
03-May-2017 00:00,04-May-2017 00:00,0.0,0.0,2.64991455075024,7167.0113191053,0.0
04-May-2017 00:00,05-May-2017 00:00,0.0,0.0,4.26888424620521,10367.9886808947,0.0
05-May-2017 00:00,06-May-2017 00:00,0.0,0.0,1.35313773689747,4002.0,0.0
06-May-2017 00:00,07-May-2017 00:00,0.0,0.0,3.98438011107231,9867.0,0.0
07-May-2017 00:00,08-May-2017 00:00,0.0,0.0,2.08313779985586,6020.89792743524,0.0
08-May-2017 00:00,09-May-2017 00:00,0.0,0.0,3.09358298869739,8122.51481856235,0.0
09-May-2017 00:00,10-May-2017 00:00,0.0,0.0,7.58887288598882,18837.5872540024,0.0
10-May-2017 00:00,11-May-2017 00:00,0.0,0.0,1.09895413969939,3166.1219753525,0.0
11-May-2017 00:00,12-May-2017 00:00,0.0,0.0,3.36373261655815,9174.75660902486,0.0
12-May-2017 00:00,13-May-2017 00:00,0.0,0.0,5.47495005116214,13630.1214156226,0.0
13-May-2017 00:00,14-May-2017 00:00,0.0,0.0,3.68169680360311,10005.0,0.0
14-May-2017 00:00,15-May-2017 00:00,0.0,0.0,7.92322026616546,16915.0,0.0
15-May-2017 00:00,16-May-2017 00:00,0.0,0.0,5.66441626633864,14736.0,0.0
16-May-2017 00:00,17-May-2017 00:00,0.0,0.0,8.49999124815601,22319.0,0.0
17-May-2017 00:00,18-May-2017 00:00,0.0,0.0,5.22501695610264,13208.6196610716,0.0
18-May-2017 00:00,19-May-2017 00:00,0.0,0.0,2.8066188950168,7495.38033892842,0.0
19-May-2017 00:00,20-May-2017 00:00,0.0,0.0,7.5231748763483,18054.0,0.0
20-May-2017 00:00,21-May-2017 00:00,0.0,0.0,5.38352794516815,12543.7168675275,0.0
21-May-2017 00:00,22-May-2017 00:00,0.0,0.0,5.10272131311502,11528.2831324725,0.0
22-May-2017 00:00,23-May-2017 00:00,0.0,0.0,3.86293359347711,9350.31139941275,0.0
23-May-2017 00:00,24-May-2017 00:00,0.0,0.0,1.72750949024835,4695.68860058725,0.0
24-May-2017 00:00,25-May-2017 00:00,0.0,0.0,5.47374290499922,13085.8284819964,0.0
25-May-2017 00:00,26-May-2017 00:00,0.0,0.0,2.08755435200933,5788.1715180036,0.0
26-May-2017 00:00,27-May-2017 00:00,0.0,0.0,4.13133552225127,11174.1298048281,0.0
27-May-2017 00:00,28-May-2017 00:00,0.0,0.0,10.5869012356655,30605.8701951719,0.0
28-May-2017 00:00,29-May-2017 00:00,0.0,0.0,3.38000700503399,9021.0,0.0
29-May-2017 00:00,30-May-2017 00:00,0.0,0.0,4.79745077394056,11079.7552777713,0.0
30-May-2017 00:00,31-May-2017 00:00,0.0,0.0,1.47184489423105,3949.39071697047,0.0
31-May-2017 00:00,01-Jun-2017 00:00,0.0,0.0,5.11966448289631,13245.2998221599,0.0
01-Jun-2017 00:00,02-Jun-2017 00:00,0.0,0.0,4.67055436601163,10623.5541830983,0.0
02-Jun-2017 00:00,03-Jun-2017 00:00,0.0,0.0,6.49575447526474,16905.0,0.0
03-Jun-2017 00:00,04-Jun-2017 00:00,0.0,0.0,2.93565181303179,7962.31152924047,0.0
04-Jun-2017 00:00,05-Jun-2017 00:00,0.0,0.0,3.23226897920323,8434.73588464928,0.0
05-Jun-2017 00:00,06-Jun-2017 00:00,0.0,0.0,4.79417325768931,12257.0187661431,0.0
06-Jun-2017 00:00,07-Jun-2017 00:00,0.0,0.0,3.36892106376578,8936.93381996716,0.0
07-Jun-2017 00:00,08-Jun-2017 00:00,0.0,0.0,4.70719314089063,12031.0,0.0
08-Jun-2017 00:00,09-Jun-2017 00:00,0.0,0.0,4.29464625202426,11030.0,0.0
09-Jun-2017 00:00,10-Jun-2017 00:00,0.0,0.0,4.85820814116959,12333.0,0.0
10-Jun-2017 00:00,11-Jun-2017 00:00,0.0,0.0,9.4287412709593,24456.0,0.0
11-Jun-2017 00:00,12-Jun-2017 00:00,0.0,0.0,3.71176617838084,10049.4360685616,0.0
12-Jun-2017 00:00,13-Jun-2017 00:00,0.0,0.0,3.86942299653032,9515.56393143845,0.0
13-Jun-2017 00:00,14-Jun-2017 00:00,0.0,0.0,2.39236853226597,6425.0,0.0
14-Jun-2017 00:00,15-Jun-2017 00:00,0.0,0.0,3.21717316144863,7627.0,0.0
15-Jun-2017 00:00,16-Jun-2017 00:00,0.0,0.0,1.63271972289256,4263.07936353594,0.0
16-Jun-2017 00:00,17-Jun-2017 00:00,0.0,0.0,4.74754850886049,13018.9206364641,0.0
17-Jun-2017 00:00,18-Jun-2017 00:00,0.0,0.0,5.93882996626689,14126.0,0.0
18-Jun-2017 00:00,19-Jun-2017 00:00,0.0,0.0,2.4316386569291,5855.0,0.0
19-Jun-2017 00:00,20-Jun-2017 00:00,0.0,0.0,0.66890717747952,1865.0,0.0
20-Jun-2017 00:00,21-Jun-2017 00:00,0.0,0.0,4.62037745889971,11705.0,0.0
21-Jun-2017 00:00,22-Jun-2017 00:00,0.0,0.0,5.61057803867306,14062.0,0.0
22-Jun-2017 00:00,23-Jun-2017 00:00,0.0,0.0,4.93760291346474,12866.0,0.0
23-Jun-2017 00:00,24-Jun-2017 00:00,0.0,0.0,3.33310888390886,9443.88318821086,0.0
24-Jun-2017 00:00,25-Jun-2017 00:00,0.0,0.0,4.66736971011325,12254.6833069612,0.0
25-Jun-2017 00:00,26-Jun-2017 00:00,0.0,0.0,2.95378101735552,7011.43350482796,0.0
26-Jun-2017 00:00,27-Jun-2017 00:00,0.0,0.0,3.18215423232246,7768.0,0.0
27-Jun-2017 00:00,28-Jun-2017 00:00,0.0,0.0,3.35474761941069,9091.0,0.0
28-Jun-2017 00:00,29-Jun-2017 00:00,0.0,0.0,2.11518222577682,5559.0,0.0
29-Jun-2017 00:00,30-Jun-2017 00:00,0.0,0.0,6.85458152303938,14916.2327886618,0.0
30-Jun-2017 00:00,01-Jul-2017 00:00,0.0,0.0,3.84466928894344,9304.76721133821,0.0
01-Jul-2017 00:00,02-Jul-2017 00:00,0.0,0.0,0.374716612305955,986.0,0.0
02-Jul-2017 00:00,03-Jul-2017 00:00,0.0,0.0,5.90316647632304,14414.3681678315,0.0
03-Jul-2017 00:00,04-Jul-2017 00:00,0.0,0.0,8.04649314719918,19604.3342079319,0.0
04-Jul-2017 00:00,05-Jul-2017 00:00,0.0,0.0,5.79922548199654,13647.494011539,0.0
05-Jul-2017 00:00,06-Jul-2017 00:00,0.0,0.0,7.09306059595349,15592.9858263929,0.0
06-Jul-2017 00:00,07-Jul-2017 00:00,0.0,0.0,9.89379633168572,24773.3398177075,0.0
07-Jul-2017 00:00,08-Jul-2017 00:00,0.0,0.0,6.76056888876335,17830.4779685973,0.0
08-Jul-2017 00:00,09-Jul-2017 00:00,0.0,0.0,2.39598205970593,5229.0,0.0
09-Jul-2017 00:00,10-Jul-2017 00:00,0.0,0.0,0.785687873135973,2013.0,0.0
10-Jul-2017 00:00,11-Jul-2017 00:00,0.0,0.0,5.9158062969004,15248.5538349928,0.0
11-Jul-2017 00:00,12-Jul-2017 00:00,0.0,0.0,3.00716990043761,8986.99797922494,0.0
12-Jul-2017 00:00,13-Jul-2017 00:00,0.0,0.0,6.14180973797392,15827.9984816257,0.0
13-Jul-2017 00:00,14-Jul-2017 00:00,0.0,0.0,4.19325346939256,10818.4497041566,0.0
14-Jul-2017 00:00,15-Jul-2017 00:00,0.0,0.0,7.28710083429576,18879.9207980452,0.0
15-Jul-2017 00:00,16-Jul-2017 00:00,0.0,0.0,8.26988141537876,19212.0792019548,0.0
16-Jul-2017 00:00,17-Jul-2017 00:00,0.0,0.0,5.23987417521056,14456.8208036891,0.0
17-Jul-2017 00:00,18-Jul-2017 00:00,0.0,0.0,10.7302112421521,22958.1791963109,0.0
18-Jul-2017 00:00,19-Jul-2017 00:00,0.0,0.0,4.98092545748571,12779.0,0.0
19-Jul-2017 00:00,20-Jul-2017 00:00,0.0,0.0,4.6790418492164,12622.0,0.0
20-Jul-2017 00:00,21-Jul-2017 00:00,0.0,0.0,4.01458509449448,10409.0,0.0
21-Jul-2017 00:00,22-Jul-2017 00:00,0.0,0.0,10.1727199334412,23303.7113187367,0.0
22-Jul-2017 00:00,23-Jul-2017 00:00,0.0,0.0,4.80738951635007,12475.2886812633,0.0
23-Jul-2017 00:00,24-Jul-2017 00:00,0.0,0.0,3.64955798279809,8718.3007051941,0.0
24-Jul-2017 00:00,25-Jul-2017 00:00,0.0,0.0,10.9620504357954,24147.5483189265,0.0
25-Jul-2017 00:00,26-Jul-2017 00:00,0.0,0.0,6.47874546847379,17459.1509758794,0.0
26-Jul-2017 00:00,27-Jul-2017 00:00,0.0,0.0,3.10815645822387,7959.90384893297,0.0
27-Jul-2017 00:00,28-Jul-2017 00:00,0.0,0.0,14.480813387144,32873.096151067,0.0
28-Jul-2017 00:00,29-Jul-2017 00:00,0.0,0.0,2.89015969199319,8943.0,0.0
29-Jul-2017 00:00,30-Jul-2017 00:00,0.0,0.0,6.53008386497154,17344.0,0.0
30-Jul-2017 00:00,31-Jul-2017 00:00,0.0,0.0,9.28582023808988,24818.0,0.0
31-Jul-2017 00:00,01-Aug-2017 00:00,0.0,0.0,5.51423986342117,15327.0,0.0
01-Aug-2017 00:00,02-Aug-2017 00:00,0.0,0.0,6.90914313811128,20008.0,0.0
02-Aug-2017 00:00,03-Aug-2017 00:00,0.0,0.0,6.59575395851573,17903.0,0.0
03-Aug-2017 00:00,04-Aug-2017 00:00,0.0,0.0,6.78063521553206,16656.0,0.0
04-Aug-2017 00:00,05-Aug-2017 00:00,0.0,0.0,9.04563467333501,22623.0,0.0
05-Aug-2017 00:00,06-Aug-2017 00:00,0.0,0.0,7.87445639775502,20993.0,0.0
06-Aug-2017 00:00,07-Aug-2017 00:00,0.0,0.0,3.04573402920618,8273.0,0.0
07-Aug-2017 00:00,08-Aug-2017 00:00,0.0,0.0,2.9656951526758,7891.00239306123,0.0
08-Aug-2017 00:00,09-Aug-2017 00:00,0.0,0.0,9.94744441086812,26368.9976069388,0.0
09-Aug-2017 00:00,10-Aug-2017 00:00,0.0,0.0,5.63644621611496,15222.0,0.0
10-Aug-2017 00:00,11-Aug-2017 00:00,0.0,0.0,11.3351552904395,30218.0,0.0
11-Aug-2017 00:00,12-Aug-2017 00:00,0.0,0.0,4.03975353008424,12123.0,0.0
12-Aug-2017 00:00,13-Aug-2017 00:00,0.0,0.0,8.1740045539241,23390.0,0.0
13-Aug-2017 00:00,14-Aug-2017 00:00,0.0,0.0,6.06549955400025,16294.0,0.0
14-Aug-2017 00:00,15-Aug-2017 00:00,0.0,0.0,2.0127735732931,5756.0,0.0
15-Aug-2017 00:00,16-Aug-2017 00:00,0.0,0.0,5.55754506087922,15150.0,0.0
16-Aug-2017 00:00,17-Aug-2017 00:00,0.0,0.0,5.13297269964886,13561.0,0.0
17-Aug-2017 00:00,18-Aug-2017 00:00,0.0,0.0,4.86935038619691,13845.0,0.0
18-Aug-2017 00:00,19-Aug-2017 00:00,0.0,0.0,2.83951066435492,7836.0,0.0
19-Aug-2017 00:00,20-Aug-2017 00:00,0.0,0.0,6.06563284473391,17096.0,0.0
20-Aug-2017 00:00,21-Aug-2017 00:00,0.0,0.0,1.14190217441108,3483.0,0.0
21-Aug-2017 00:00,22-Aug-2017 00:00,0.0,0.0,1.27880725514737,3956.0,0.0
22-Aug-2017 00:00,23-Aug-2017 00:00,0.0,0.0,2.34947185701312,6395.0,0.0
23-Aug-2017 00:00,24-Aug-2017 00:00,0.0,0.0,1.96312677909488,5453.0,0.0
24-Aug-2017 00:00,25-Aug-2017 00:00,0.0,0.0,0.611443810682024,1695.0,0.0
25-Aug-2017 00:00,26-Aug-2017 00:00,0.0,0.0,2.57799481161279,6642.85107426674,0.0
26-Aug-2017 00:00,27-Aug-2017 00:00,0.0,0.0,1.98682872606705,5603.14892573326,0.0
27-Aug-2017 00:00,28-Aug-2017 00:00,0.0,0.0,1.54945955380037,4401.0,0.0
28-Aug-2017 00:00,29-Aug-2017 00:00,0.0,0.0,0.87292287570199,2702.0,0.0
29-Aug-2017 00:00,30-Aug-2017 00:00,0.0,0.0,2.54726839355788,6358.9513498448,0.0
30-Aug-2017 00:00,31-Aug-2017 00:00,0.0,0.0,2.10172575510342,5567.0486501552,0.0
31-Aug-2017 00:00,01-Sep-2017 00:00,0.0,0.0,2.84576112305071,7349.0,0.0
01-Sep-2017 00:00,02-Sep-2017 00:00,0.0,0.0,4.98891826560986,11516.0,0.0
02-Sep-2017 00:00,03-Sep-2017 00:00,0.0,0.0,2.1154234519278,6594.0,0.0
03-Sep-2017 00:00,04-Sep-2017 00:00,0.0,0.0,1.89801443582307,5376.0,0.0
04-Sep-2017 00:00,05-Sep-2017 00:00,0.0,0.0,0.977082555432379,3188.0,0.0
05-Sep-2017 00:00,06-Sep-2017 00:00,0.0,0.0,3.34013631904124,8651.0,0.0
06-Sep-2017 00:00,07-Sep-2017 00:00,0.0,0.0,1.41407663794518,4146.0,0.0
07-Sep-2017 00:00,08-Sep-2017 00:00,0.0,0.0,0.523664368283316,1544.0,0.0
08-Sep-2017 00:00,09-Sep-2017 00:00,0.0,0.0,0.648960346669454,2156.0,0.0
09-Sep-2017 00:00,10-Sep-2017 00:00,0.0,0.0,1.16709697245035,3296.0,0.0
10-Sep-2017 00:00,11-Sep-2017 00:00,0.0,0.0,2.55338723354845,6800.0,0.0
11-Sep-2017 00:00,12-Sep-2017 00:00,0.0,0.0,2.14081291407912,6085.0,0.0
12-Sep-2017 00:00,13-Sep-2017 00:00,0.0,0.0,0.99523709405335,3072.0,0.0
13-Sep-2017 00:00,14-Sep-2017 00:00,0.0,0.0,2.26749991972064,6732.0,0.0
14-Sep-2017 00:00,15-Sep-2017 00:00,0.0,0.0,4.61825062165719,12794.0,0.0
15-Sep-2017 00:00,16-Sep-2017 00:00,0.0,0.0,2.87800155340222,6763.0,0.0
16-Sep-2017 00:00,17-Sep-2017 00:00,0.0,0.0,5.10226238637997,14232.519508713,0.0
17-Sep-2017 00:00,18-Sep-2017 00:00,0.0,0.0,4.45995785991077,11954.480491287,0.0
18-Sep-2017 00:00,19-Sep-2017 00:00,0.0,0.0,6.43707105534626,17157.0,0.0
19-Sep-2017 00:00,20-Sep-2017 00:00,0.0,0.0,4.36688209413428,11730.0,0.0
20-Sep-2017 00:00,21-Sep-2017 00:00,0.0,0.0,2.20674938004499,6143.0,0.0
21-Sep-2017 00:00,22-Sep-2017 00:00,0.0,0.0,3.8817273777854,9677.0,0.0
22-Sep-2017 00:00,23-Sep-2017 00:00,0.0,0.0,4.21729474689445,10601.2433833967,0.0
23-Sep-2017 00:00,24-Sep-2017 00:00,0.0,0.0,1.27477166462281,4059.75661660333,0.0
24-Sep-2017 00:00,25-Sep-2017 00:00,0.0,0.0,5.59462454407495,14602.0,0.0
25-Sep-2017 00:00,26-Sep-2017 00:00,0.0,0.0,0.878232632199456,2678.0,0.0
26-Sep-2017 00:00,27-Sep-2017 00:00,0.0,0.0,1.15350756854539,3380.0,0.0
27-Sep-2017 00:00,28-Sep-2017 00:00,0.0,0.0,1.68537844263959,4651.0,0.0
28-Sep-2017 00:00,29-Sep-2017 00:00,0.0,0.0,0.773111082961163,2146.0,0.0
29-Sep-2017 00:00,30-Sep-2017 00:00,0.0,0.0,1.75735865040367,4820.0,0.0
30-Sep-2017 00:00,01-Oct-2017 00:00,0.0,0.0,1.09955155880254,3395.7639919604,0.0
01-Oct-2017 00:00,02-Oct-2017 00:00,0.0,0.0,1.75867520333345,5389.2360080396,0.0
02-Oct-2017 00:00,03-Oct-2017 00:00,0.0,0.0,1.48875875812849,4629.0,0.0
03-Oct-2017 00:00,04-Oct-2017 00:00,0.0,0.0,1.08487286946703,3380.0,0.0
04-Oct-2017 00:00,05-Oct-2017 00:00,0.0,0.0,1.01351540119303,3337.0,0.0
05-Oct-2017 00:00,06-Oct-2017 00:00,0.0,0.0,0.214455111849141,817.0,0.0
06-Oct-2017 00:00,07-Oct-2017 00:00,0.0,0.0,1.21796012096896,3774.0,0.0
07-Oct-2017 00:00,08-Oct-2017 00:00,0.0,0.0,1.14500594030043,3513.54029251537,0.0
08-Oct-2017 00:00,09-Oct-2017 00:00,0.0,0.0,1.05996528106899,3908.45970748463,0.0
09-Oct-2017 00:00,10-Oct-2017 00:00,0.0,0.0,0.931775544447547,3325.0,0.0
10-Oct-2017 00:00,11-Oct-2017 00:00,0.0,0.0,1.63188405907799,4939.0,0.0
11-Oct-2017 00:00,12-Oct-2017 00:00,0.0,0.0,2.6103332280938,6177.0,0.0
12-Oct-2017 00:00,13-Oct-2017 00:00,0.0,0.0,0.512948182038552,1677.0,0.0
13-Oct-2017 00:00,14-Oct-2017 00:00,0.0,0.0,1.02769327339755,2985.30703889174,0.0
14-Oct-2017 00:00,15-Oct-2017 00:00,0.0,0.0,5.1553138773521,14262.6929611083,0.0
15-Oct-2017 00:00,16-Oct-2017 00:00,0.0,0.0,1.49973370359758,4379.0,0.0
16-Oct-2017 00:00,17-Oct-2017 00:00,0.0,0.0,6.54520510889757,14731.0,0.0
17-Oct-2017 00:00,18-Oct-2017 00:00,0.0,0.0,6.60181430823493,16634.0,0.0
18-Oct-2017 00:00,19-Oct-2017 00:00,0.0,0.0,2.54933740747012,5793.0,0.0
19-Oct-2017 00:00,20-Oct-2017 00:00,0.0,0.0,2.67874683359864,6339.0,0.0
20-Oct-2017 00:00,21-Oct-2017 00:00,0.0,0.0,1.29484104346448,3956.0,0.0
21-Oct-2017 00:00,22-Oct-2017 00:00,0.0,0.0,2.45775559964712,6796.0,0.0
22-Oct-2017 00:00,23-Oct-2017 00:00,0.0,0.0,2.00064533347537,5477.0,0.0
23-Oct-2017 00:00,24-Oct-2017 00:00,0.0,0.0,1.18589965242996,3014.87609849028,0.0
24-Oct-2017 00:00,25-Oct-2017 00:00,0.0,0.0,1.49501973214294,4094.12390150972,0.0
25-Oct-2017 00:00,26-Oct-2017 00:00,0.0,0.0,2.34523398104118,6381.0,0.0
26-Oct-2017 00:00,27-Oct-2017 00:00,0.0,0.0,2.46469811242666,6875.0,0.0
27-Oct-2017 00:00,28-Oct-2017 00:00,0.0,0.0,6.59545149049222,16802.0,0.0
28-Oct-2017 00:00,29-Oct-2017 00:00,0.0,0.0,3.79262872331934,9515.0,0.0
29-Oct-2017 00:00,30-Oct-2017 00:00,0.0,0.0,3.22887390489436,9635.0,0.0
30-Oct-2017 00:00,31-Oct-2017 00:00,0.0,0.0,1.33292084011579,3725.0,0.0
31-Oct-2017 00:00,01-Nov-2017 00:00,0.0,0.0,3.05124986587363,9211.0,0.0
01-Nov-2017 00:00,02-Nov-2017 00:00,0.0,0.0,2.50525638402194,7055.0,0.0
02-Nov-2017 00:00,03-Nov-2017 00:00,0.0,0.0,1.55766338699339,4780.0,0.0
03-Nov-2017 00:00,04-Nov-2017 00:00,0.0,0.0,1.96947654877768,5145.0,0.0
04-Nov-2017 00:00,05-Nov-2017 00:00,0.0,0.0,2.24112048950147,7189.0,0.0
05-Nov-2017 00:00,06-Nov-2017 00:00,0.0,0.0,2.93360446023329,7672.0,0.0
06-Nov-2017 00:00,07-Nov-2017 00:00,0.0,0.0,0.14810381878707,472.0,0.0
07-Nov-2017 00:00,08-Nov-2017 00:00,0.0,0.0,1.56884096588062,4504.0,0.0
08-Nov-2017 00:00,09-Nov-2017 00:00,0.0,0.0,1.51613431331979,3548.0,0.0
09-Nov-2017 00:00,10-Nov-2017 00:00,0.0,0.0,0.390383286078695,1110.36049791189,0.0
10-Nov-2017 00:00,11-Nov-2017 00:00,0.0,0.0,2.23485143417359,6182.63950208811,0.0
11-Nov-2017 00:00,12-Nov-2017 00:00,0.0,0.0,1.47924457613251,4203.55459487109,0.0
12-Nov-2017 00:00,13-Nov-2017 00:00,0.0,0.0,0.823124273564869,2829.44540512891,0.0
13-Nov-2017 00:00,14-Nov-2017 00:00,0.0,0.0,0.659406855552414,2137.0,0.0
14-Nov-2017 00:00,15-Nov-2017 00:00,0.0,0.0,0.323809096444559,1211.0,0.0
15-Nov-2017 00:00,16-Nov-2017 00:00,0.0,0.0,1.20768053080068,3868.0,0.0
16-Nov-2017 00:00,17-Nov-2017 00:00,0.0,0.0,0.429389774402685,1503.0,0.0
17-Nov-2017 00:00,18-Nov-2017 00:00,0.0,0.0,3.49160324714231,9362.0,0.0
18-Nov-2017 00:00,19-Nov-2017 00:00,0.0,0.0,0.985492726050808,2959.0,0.0
19-Nov-2017 00:00,20-Nov-2017 00:00,0.0,0.0,1.89732270747052,6000.0,0.0
20-Nov-2017 00:00,21-Nov-2017 00:00,0.0,0.0,1.59148483631811,4272.0,0.0
21-Nov-2017 00:00,22-Nov-2017 00:00,0.0,0.0,0.580121349659788,1900.0,0.0
22-Nov-2017 00:00,23-Nov-2017 00:00,0.0,0.0,1.40480195282281,3885.50453966713,0.0
23-Nov-2017 00:00,24-Nov-2017 00:00,0.0,0.0,3.04728787130048,9518.49546033287,0.0
24-Nov-2017 00:00,25-Nov-2017 00:00,0.0,0.0,3.42209471324451,8714.0,0.0
25-Nov-2017 00:00,26-Nov-2017 00:00,0.0,0.0,1.8287806939283,5069.90045542613,0.0
26-Nov-2017 00:00,27-Nov-2017 00:00,0.0,0.0,1.78754207128551,5755.09954457387,0.0
27-Nov-2017 00:00,28-Nov-2017 00:00,0.0,0.0,1.04137869610264,2819.0,0.0
28-Nov-2017 00:00,29-Nov-2017 00:00,0.0,0.0,2.58012479920882,7052.0,0.0
29-Nov-2017 00:00,30-Nov-2017 00:00,0.0,0.0,3.18932953478114,7954.0,0.0
30-Nov-2017 00:00,01-Dec-2017 00:00,0.0,0.0,0.554985840665064,1862.0,0.0
01-Dec-2017 00:00,02-Dec-2017 00:00,0.0,0.0,2.86565285108873,6545.49446970152,0.0
02-Dec-2017 00:00,03-Dec-2017 00:00,0.0,0.0,1.11559367411445,3280.50553029848,0.0
03-Dec-2017 00:00,04-Dec-2017 00:00,0.0,0.0,3.56873977369976,11166.1741391645,0.0
04-Dec-2017 00:00,05-Dec-2017 00:00,0.0,0.0,1.08836709552859,3583.82586083546,0.0
05-Dec-2017 00:00,06-Dec-2017 00:00,0.0,0.0,0.869988186010894,2941.0,0.0
06-Dec-2017 00:00,07-Dec-2017 00:00,0.0,0.0,1.30318306998904,3944.0,0.0
07-Dec-2017 00:00,08-Dec-2017 00:00,0.0,0.0,3.60858277153342,7958.0,0.0
08-Dec-2017 00:00,09-Dec-2017 00:00,0.0,0.0,1.0609580026044,3297.82541827999,0.0
09-Dec-2017 00:00,10-Dec-2017 00:00,0.0,0.0,2.12474129889041,5968.17458172001,0.0
10-Dec-2017 00:00,11-Dec-2017 00:00,0.0,0.0,2.69209585433695,8381.0,0.0
11-Dec-2017 00:00,12-Dec-2017 00:00,0.0,0.0,1.68208569705729,4594.0,0.0
12-Dec-2017 00:00,13-Dec-2017 00:00,0.0,0.0,0.979888975765555,2929.0,0.0
13-Dec-2017 00:00,14-Dec-2017 00:00,0.0,0.0,1.51034992326366,4142.0,0.0
14-Dec-2017 00:00,15-Dec-2017 00:00,0.0,0.0,5.41266470040917,14984.0,0.0
15-Dec-2017 00:00,16-Dec-2017 00:00,0.0,0.0,1.48087756859425,4212.0,0.0
16-Dec-2017 00:00,17-Dec-2017 00:00,0.0,0.0,1.93844403379051,5424.0,0.0
17-Dec-2017 00:00,18-Dec-2017 00:00,0.0,0.0,0.472259068010331,1628.0,0.0
18-Dec-2017 00:00,19-Dec-2017 00:00,0.0,0.0,1.69912678357105,4559.0,0.0
19-Dec-2017 00:00,20-Dec-2017 00:00,0.0,0.0,0.877356422157764,2646.40200948878,0.0
20-Dec-2017 00:00,21-Dec-2017 00:00,0.0,0.0,1.76393142384073,5236.59799051122,0.0
21-Dec-2017 00:00,22-Dec-2017 00:00,0.0,0.0,1.7903289277337,5484.10157834177,0.0
22-Dec-2017 00:00,23-Dec-2017 00:00,0.0,0.0,3.71984521088598,8963.89842165823,0.0
23-Dec-2017 00:00,24-Dec-2017 00:00,0.0,0.0,4.55351316288702,12321.3162818266,0.0
24-Dec-2017 00:00,25-Dec-2017 00:00,0.0,0.0,1.06026339763664,3463.68371817337,0.0
25-Dec-2017 00:00,26-Dec-2017 00:00,0.0,0.0,0.0630816034359457,199.0,0.0
26-Dec-2017 00:00,27-Dec-2017 00:00,0.0,0.0,0.0,0.0,0.0
27-Dec-2017 00:00,28-Dec-2017 00:00,0.0,0.0,0.0,0.0,0.0
28-Dec-2017 00:00,29-Dec-2017 00:00,0.0,0.0,0.0,0.0,0.0
29-Dec-2017 00:00,30-Dec-2017 00:00,0.0,0.0,0.0,0.0,0.0
30-Dec-2017 00:00,31-Dec-2017 00:00,0.0,0.0,0.0,0.0,0.0
31-Dec-2017 00:00,01-Jan-2018 00:00,0.0,0.0,0.0,0.0,0.0
01-Jan-2018 00:00,02-Jan-2018 00:00,0.0,0.0,0.0,0.0,0.0
02-Jan-2018 00:00,03-Jan-2018 00:00,0.0,0.0,0.0,0.0,0.0
03-Jan-2018 00:00,04-Jan-2018 00:00,0.0,0.0,0.0,0.0,0.0
04-Jan-2018 00:00,05-Jan-2018 00:00,0.0,0.0,0.0,0.0,0.0
05-Jan-2018 00:00,06-Jan-2018 00:00,0.0,0.0,0.0,0.0,0.0
06-Jan-2018 00:00,07-Jan-2018 00:00,0.0,0.0,0.0,0.0,0.0
07-Jan-2018 00:00,08-Jan-2018 00:00,0.0,0.0,0.0,0.0,0.0
08-Jan-2018 00:00,09-Jan-2018 00:00,0.0,0.0,0.0,0.0,0.0
09-Jan-2018 00:00,10-Jan-2018 00:00,0.0,0.0,2.6951075482602,7083.0,0.0
10-Jan-2018 00:00,11-Jan-2018 00:00,0.0,0.0,2.39088904706895,6219.42437220253,0.0
11-Jan-2018 00:00,12-Jan-2018 00:00,0.0,0.0,2.37943546635239,6026.57562779747,0.0
12-Jan-2018 00:00,13-Jan-2018 00:00,0.0,0.0,0.996474513014449,2582.0,0.0
13-Jan-2018 00:00,14-Jan-2018 00:00,0.0,0.0,9.16775000341457,23263.0,0.0
14-Jan-2018 00:00,15-Jan-2018 00:00,0.0,0.0,6.62720959595945,16995.0,0.0
15-Jan-2018 00:00,16-Jan-2018 00:00,0.0,0.0,2.2415903622841,5277.0,0.0
16-Jan-2018 00:00,17-Jan-2018 00:00,0.0,0.0,3.1665138093534,7922.0,0.0
17-Jan-2018 00:00,18-Jan-2018 00:00,0.0,881360.000000001,2.0502701721944,5097.0,0.0
18-Jan-2018 00:00,19-Jan-2018 00:00,0.0,2016870.0,2.41064719146106,6224.0,208.2
19-Jan-2018 00:00,20-Jan-2018 00:00,0.0,1179190.0,1.03169987274317,2675.0,207.2
20-Jan-2018 00:00,21-Jan-2018 00:00,0.0,1380000.0,2.02186108128541,5023.0,0.0
21-Jan-2018 00:00,22-Jan-2018 00:00,0.0,2239770.0,5.13502396007334,12828.0,0.0
22-Jan-2018 00:00,23-Jan-2018 00:00,0.0,340000.0,1.19064041000569,3147.0,0.0
23-Jan-2018 00:00,24-Jan-2018 00:00,0.0,1264745.45885094,4.73353522127214,9963.0,0.0
24-Jan-2018 00:00,25-Jan-2018 00:00,0.0,1617282.34358927,1.39884325538865,3758.0,207.0
25-Jan-2018 00:00,26-Jan-2018 00:00,0.0,1388837.42358233,3.86498942953183,8827.0,206.8
26-Jan-2018 00:00,27-Jan-2018 00:00,0.0,1565385.45437428,0.906965819613355,2415.0,0.0
27-Jan-2018 00:00,28-Jan-2018 00:00,0.0,1385999.81555998,1.75528041239165,4490.0,0.0
28-Jan-2018 00:00,29-Jan-2018 00:00,0.0,364917.541229386,2.93000346732335,7830.58193236874,0.0
29-Jan-2018 00:00,30-Jan-2018 00:00,0.0,1049696.0,2.94043043547833,7426.41806763126,0.0
30-Jan-2018 00:00,31-Jan-2018 00:00,0.0,0.0,3.40655698416556,7218.0,0.0
31-Jan-2018 00:00,01-Feb-2018 00:00,0.0,254917.541229385,2.35342958799833,6240.425409811,0.0
01-Feb-2018 00:00,02-Feb-2018 00:00,0.0,1622200.0,2.02077555613802,5456.574590189,0.0
02-Feb-2018 00:00,03-Feb-2018 00:00,0.0,631360.000000001,2.67553736180659,6208.0,206.4
03-Feb-2018 00:00,04-Feb-2018 00:00,0.0,0.0,3.01523070446589,7546.0,0.0
04-Feb-2018 00:00,05-Feb-2018 00:00,0.0,0.0,4.3475038962611,9857.0,0.0
05-Feb-2018 00:00,06-Feb-2018 00:00,0.0,1741120.83823529,1.72365261870667,4287.0,208.6
06-Feb-2018 00:00,07-Feb-2018 00:00,0.0,0.0,1.53212737612377,4083.0,0.0
07-Feb-2018 00:00,08-Feb-2018 00:00,0.0,1370522.56617647,2.99444642603035,7225.0,203.8
08-Feb-2018 00:00,09-Feb-2018 00:00,0.0,0.0,1.89060263063694,4859.0,0.0
09-Feb-2018 00:00,10-Feb-2018 00:00,0.0,647218.929971991,2.17443256382734,5673.0,0.0
10-Feb-2018 00:00,11-Feb-2018 00:00,0.0,0.0,2.53268412471088,6501.0,0.0
11-Feb-2018 00:00,12-Feb-2018 00:00,0.0,297000.0,3.49333166380603,9245.0,0.0
12-Feb-2018 00:00,13-Feb-2018 00:00,0.0,451920.0,2.06506502028137,5445.0,0.0
13-Feb-2018 00:00,14-Feb-2018 00:00,0.0,0.0,1.2568540462018,3314.0,0.0
14-Feb-2018 00:00,15-Feb-2018 00:00,0.0,828730.0,3.24349841098693,7991.0,0.0
15-Feb-2018 00:00,16-Feb-2018 00:00,0.0,0.0,3.21937111262242,8349.8866330682,0.0
16-Feb-2018 00:00,17-Feb-2018 00:00,0.0,0.0,4.86101687329541,10505.1133669318,206.4
17-Feb-2018 00:00,18-Feb-2018 00:00,0.0,3237495.48166667,1.83544972361405,4731.0,207.4
18-Feb-2018 00:00,19-Feb-2018 00:00,0.0,1960571.01193833,2.49497932076663,6825.0,0.0
19-Feb-2018 00:00,20-Feb-2018 00:00,0.0,1503257.98136646,1.46118542710544,3771.0,0.0
20-Feb-2018 00:00,21-Feb-2018 00:00,0.0,843175.714285714,1.59062851933659,4048.0,0.0
21-Feb-2018 00:00,22-Feb-2018 00:00,0.0,0.0,6.73776336055247,11839.0,0.0
22-Feb-2018 00:00,23-Feb-2018 00:00,0.0,236730.0,1.76922059695881,4719.0,0.0
23-Feb-2018 00:00,24-Feb-2018 00:00,0.0,454917.541229386,2.08073600174987,5550.0,0.0
24-Feb-2018 00:00,25-Feb-2018 00:00,0.0,192458.770614693,2.93510274994008,7812.0,0.0
25-Feb-2018 00:00,26-Feb-2018 00:00,0.0,0.0,2.08791905273213,5667.0,0.0
26-Feb-2018 00:00,27-Feb-2018 00:00,0.0,0.0,5.02511474871071,11892.0,0.0
27-Feb-2018 00:00,28-Feb-2018 00:00,0.0,0.0,1.68648840769877,4510.0,0.0
28-Feb-2018 00:00,01-Mar-2018 00:00,0.0,0.0,1.6409833873503,4318.0,0.0
01-Mar-2018 00:00,02-Mar-2018 00:00,0.0,0.0,1.65893680903496,4162.0,0.0
02-Mar-2018 00:00,03-Mar-2018 00:00,0.0,0.0,0.959018084387278,2687.0,0.0
03-Mar-2018 00:00,04-Mar-2018 00:00,0.0,0.0,2.06784994012461,5283.0,0.0
04-Mar-2018 00:00,05-Mar-2018 00:00,0.0,0.0,5.47230571714224,9301.0,0.0
05-Mar-2018 00:00,06-Mar-2018 00:00,0.0,0.0,2.24805105272679,5795.0,0.0
06-Mar-2018 00:00,07-Mar-2018 00:00,0.0,0.0,2.15270942694626,5618.0,0.0
07-Mar-2018 00:00,08-Mar-2018 00:00,0.0,0.0,2.45673392388432,6588.0,0.0
08-Mar-2018 00:00,09-Mar-2018 00:00,0.0,0.0,2.57737314085689,6753.0,0.0
09-Mar-2018 00:00,10-Mar-2018 00:00,0.0,0.0,3.86086037734984,9645.0,0.0
10-Mar-2018 00:00,11-Mar-2018 00:00,0.0,0.0,2.90954554507514,7956.0,0.0
11-Mar-2018 00:00,12-Mar-2018 00:00,0.0,0.0,1.45577988189827,3905.0,0.0
12-Mar-2018 00:00,13-Mar-2018 00:00,0.0,0.0,4.67260529015494,10016.0,0.0
13-Mar-2018 00:00,14-Mar-2018 00:00,0.0,0.0,2.51650983257807,6946.0,0.0
14-Mar-2018 00:00,15-Mar-2018 00:00,0.0,0.0,3.78316879424209,9819.0,0.0
15-Mar-2018 00:00,16-Mar-2018 00:00,0.0,0.0,2.15031093414566,5572.0,0.0
16-Mar-2018 00:00,17-Mar-2018 00:00,0.0,0.0,2.64491624912892,7003.91908885835,0.0
17-Mar-2018 00:00,18-Mar-2018 00:00,0.0,0.0,3.06993778228761,7816.08091114165,0.0
18-Mar-2018 00:00,19-Mar-2018 00:00,0.0,0.0,3.37654163659581,8749.0,0.0
19-Mar-2018 00:00,20-Mar-2018 00:00,0.0,0.0,2.29546945836385,6055.0,0.0
20-Mar-2018 00:00,21-Mar-2018 00:00,0.0,0.0,2.56567893501905,6611.0,0.0
21-Mar-2018 00:00,22-Mar-2018 00:00,0.0,0.0,4.89882772964145,11107.0,0.0
22-Mar-2018 00:00,23-Mar-2018 00:00,0.0,0.0,2.38875591545372,6164.0,0.0
23-Mar-2018 00:00,24-Mar-2018 00:00,0.0,0.0,3.89628320607624,10283.0,0.0
24-Mar-2018 00:00,25-Mar-2018 00:00,0.0,0.0,1.58452139505252,3894.0,0.0
25-Mar-2018 00:00,26-Mar-2018 00:00,0.0,0.0,5.82488638886135,8927.97947021964,0.0
26-Mar-2018 00:00,27-Mar-2018 00:00,0.0,0.0,2.05434642275913,5520.02052978036,0.0
27-Mar-2018 00:00,28-Mar-2018 00:00,0.0,0.0,2.97850552771784,7815.0,0.0
28-Mar-2018 00:00,29-Mar-2018 00:00,0.0,0.0,2.72677396806384,7194.0,0.0
29-Mar-2018 00:00,30-Mar-2018 00:00,0.0,0.0,3.11102742140317,8179.0,0.0
30-Mar-2018 00:00,31-Mar-2018 00:00,0.0,0.0,2.79287995512605,7538.0,0.0
31-Mar-2018 00:00,01-Apr-2018 00:00,0.0,0.0,2.47850677046096,6546.0,203.0
01-Apr-2018 00:00,02-Apr-2018 00:00,0.0,0.0,4.74081058628541,9018.0,0.0
02-Apr-2018 00:00,03-Apr-2018 00:00,0.0,0.0,3.9754210411207,10588.0,0.0
03-Apr-2018 00:00,04-Apr-2018 00:00,0.0,0.0,3.12257665235067,8308.0,0.0
04-Apr-2018 00:00,05-Apr-2018 00:00,0.0,0.0,2.88433414540484,7938.0,0.0
05-Apr-2018 00:00,06-Apr-2018 00:00,0.0,0.0,3.18696313529127,8536.0,0.0
06-Apr-2018 00:00,07-Apr-2018 00:00,0.0,0.0,3.44405626550205,9079.0,0.0
07-Apr-2018 00:00,08-Apr-2018 00:00,0.0,0.0,2.78966262382635,7087.0,0.0
08-Apr-2018 00:00,09-Apr-2018 00:00,0.0,0.0,2.09961325857002,5646.0,0.0
09-Apr-2018 00:00,10-Apr-2018 00:00,0.0,0.0,6.28731038132921,12957.0,0.0
10-Apr-2018 00:00,11-Apr-2018 00:00,0.0,0.0,2.86778960868546,7632.0,0.0
11-Apr-2018 00:00,12-Apr-2018 00:00,0.0,0.0,3.13708566968914,8246.0,0.0
12-Apr-2018 00:00,13-Apr-2018 00:00,0.0,0.0,2.54648477889199,6866.0,0.0
13-Apr-2018 00:00,14-Apr-2018 00:00,0.0,0.0,2.36675937524916,6497.0,0.0
14-Apr-2018 00:00,15-Apr-2018 00:00,0.0,0.0,5.47234667563484,14919.0,0.0
15-Apr-2018 00:00,16-Apr-2018 00:00,0.0,0.0,1.00541587131165,2777.0,0.0
16-Apr-2018 00:00,17-Apr-2018 00:00,0.0,0.0,2.51855414380008,6683.0,0.0
17-Apr-2018 00:00,18-Apr-2018 00:00,0.0,0.0,2.07808274675884,5400.0,0.0
18-Apr-2018 00:00,19-Apr-2018 00:00,0.0,0.0,1.42630786208595,3797.0,0.0
19-Apr-2018 00:00,20-Apr-2018 00:00,0.0,0.0,1.63392040483643,4301.0,0.0
20-Apr-2018 00:00,21-Apr-2018 00:00,0.0,0.0,1.85364968583518,4698.0,0.0
21-Apr-2018 00:00,22-Apr-2018 00:00,0.0,0.0,2.37131402608841,6328.0,0.0
22-Apr-2018 00:00,23-Apr-2018 00:00,0.0,0.0,6.73519979198103,11815.0,0.0
23-Apr-2018 00:00,24-Apr-2018 00:00,0.0,0.0,2.35916621927967,5980.0,0.0
24-Apr-2018 00:00,25-Apr-2018 00:00,0.0,0.0,1.12789434701329,2955.0,0.0
25-Apr-2018 00:00,26-Apr-2018 00:00,0.0,0.0,2.30855932063791,5993.0,0.0
26-Apr-2018 00:00,27-Apr-2018 00:00,0.0,0.0,1.78732021936765,4713.0,0.0
27-Apr-2018 00:00,28-Apr-2018 00:00,0.0,0.0,1.86808413863102,5059.0,0.0
28-Apr-2018 00:00,29-Apr-2018 00:00,0.0,0.0,1.64652181261463,4287.0,0.0
29-Apr-2018 00:00,30-Apr-2018 00:00,0.0,0.0,1.50504801956603,4027.0,0.0
30-Apr-2018 00:00,01-May-2018 00:00,0.0,0.0,2.78963986023718,7266.0,0.0
01-May-2018 00:00,02-May-2018 00:00,0.0,0.0,1.87242130955265,5073.0,0.0
02-May-2018 00:00,03-May-2018 00:00,0.0,0.0,2.17062977213053,5786.0,0.0
03-May-2018 00:00,04-May-2018 00:00,0.0,0.0,3.72508922890274,9897.0,0.0
04-May-2018 00:00,05-May-2018 00:00,0.0,0.0,1.89010282112646,5023.0,0.0
05-May-2018 00:00,06-May-2018 00:00,0.0,0.0,1.1579562852933,3093.0,0.0
06-May-2018 00:00,07-May-2018 00:00,0.0,0.0,1.16996396926921,3178.0,0.0
07-May-2018 00:00,08-May-2018 00:00,0.0,0.0,1.55685794957428,4122.0,0.0
08-May-2018 00:00,09-May-2018 00:00,0.0,0.0,3.81437405551637,9670.0,0.0
09-May-2018 00:00,10-May-2018 00:00,0.0,0.0,2.00352441740193,5331.0,0.0
10-May-2018 00:00,11-May-2018 00:00,0.0,0.0,1.84258306490024,4724.0,0.0
11-May-2018 00:00,12-May-2018 00:00,0.0,0.0,2.6410077646514,6535.0,0.0
12-May-2018 00:00,13-May-2018 00:00,0.0,0.0,2.45378241072,6431.0,0.0
13-May-2018 00:00,14-May-2018 00:00,0.0,0.0,4.4099707706961,10712.0,0.0
14-May-2018 00:00,15-May-2018 00:00,0.0,0.0,2.51508067883437,6580.0,0.0
15-May-2018 00:00,16-May-2018 00:00,0.0,0.0,1.93097933070901,5030.0,0.0
16-May-2018 00:00,17-May-2018 00:00,0.0,0.0,1.37524979121834,3629.0,0.0
17-May-2018 00:00,18-May-2018 00:00,0.0,0.0,3.31552483496508,8240.0,0.0
18-May-2018 00:00,19-May-2018 00:00,0.0,0.0,1.97149894615385,5281.0,0.0
19-May-2018 00:00,20-May-2018 00:00,0.0,0.0,2.05349508868038,5524.0,0.0
20-May-2018 00:00,21-May-2018 00:00,0.0,0.0,0.849078879343953,2314.0,0.0
21-May-2018 00:00,22-May-2018 00:00,0.0,0.0,2.47448445212612,6405.0,0.0
22-May-2018 00:00,23-May-2018 00:00,0.0,0.0,2.72494879901282,7025.0,0.0
23-May-2018 00:00,24-May-2018 00:00,0.0,0.0,1.58354035984192,3912.66921792511,0.0
24-May-2018 00:00,25-May-2018 00:00,0.0,0.0,1.81206679437517,4684.33078207489,0.0
25-May-2018 00:00,26-May-2018 00:00,0.0,0.0,1.11608208064925,2891.0,0.0
26-May-2018 00:00,27-May-2018 00:00,0.0,0.0,3.68807947749897,9307.0,0.0
27-May-2018 00:00,28-May-2018 00:00,0.0,0.0,14.5168991425987,33195.1073600244,0.0
28-May-2018 00:00,29-May-2018 00:00,0.0,0.0,1.00393775464621,2734.89263997557,0.0
29-May-2018 00:00,30-May-2018 00:00,0.0,0.0,2.02032008072783,5227.0,0.0
30-May-2018 00:00,31-May-2018 00:00,0.0,0.0,2.49348802990347,6262.0,0.0
31-May-2018 00:00,01-Jun-2018 00:00,0.0,0.0,3.32180068400493,8464.0,0.0
01-Jun-2018 00:00,02-Jun-2018 00:00,0.0,0.0,1.66199918135964,4313.24995418393,0.0
02-Jun-2018 00:00,03-Jun-2018 00:00,0.0,0.0,2.81138119693279,7119.59392913575,0.0
03-Jun-2018 00:00,04-Jun-2018 00:00,0.0,0.0,1.01322161605944,2792.15611668032,0.0
04-Jun-2018 00:00,05-Jun-2018 00:00,0.0,0.0,5.62698579755147,11090.0,0.0
05-Jun-2018 00:00,06-Jun-2018 00:00,0.0,0.0,3.59716754155909,9188.0,0.0
06-Jun-2018 00:00,07-Jun-2018 00:00,0.0,0.0,2.78666959953816,7555.0,0.0
07-Jun-2018 00:00,08-Jun-2018 00:00,0.0,0.0,3.41423586256115,8823.0,0.0
08-Jun-2018 00:00,09-Jun-2018 00:00,0.0,0.0,2.80140852421896,7529.0,0.0
09-Jun-2018 00:00,10-Jun-2018 00:00,0.0,0.0,1.96121525292128,5148.0,0.0
10-Jun-2018 00:00,11-Jun-2018 00:00,0.0,0.0,3.24985517902412,6774.0,0.0
11-Jun-2018 00:00,12-Jun-2018 00:00,0.0,0.0,3.1097639783655,8080.0,0.0
12-Jun-2018 00:00,13-Jun-2018 00:00,0.0,0.0,2.93116325658019,7273.0,0.0
13-Jun-2018 00:00,14-Jun-2018 00:00,0.0,0.0,1.19336201582693,3174.0,0.0
14-Jun-2018 00:00,15-Jun-2018 00:00,0.0,0.0,1.80180247355334,4781.0,0.0
15-Jun-2018 00:00,16-Jun-2018 00:00,0.0,0.0,6.55377090683869,12187.0,0.0
16-Jun-2018 00:00,17-Jun-2018 00:00,0.0,0.0,1.54317535591983,4026.0,0.0
17-Jun-2018 00:00,18-Jun-2018 00:00,0.0,0.0,6.45326765073812,16368.0,0.0
18-Jun-2018 00:00,19-Jun-2018 00:00,0.0,0.0,2.01779109997495,5238.0,0.0
19-Jun-2018 00:00,20-Jun-2018 00:00,0.0,0.0,2.34143849916296,6283.0,0.0
20-Jun-2018 00:00,21-Jun-2018 00:00,0.0,0.0,2.64135573252206,6992.0,0.0
21-Jun-2018 00:00,22-Jun-2018 00:00,0.0,0.0,1.75983197364905,4616.0,0.0
22-Jun-2018 00:00,23-Jun-2018 00:00,0.0,0.0,1.53728053106451,3758.0,0.0
23-Jun-2018 00:00,24-Jun-2018 00:00,0.0,0.0,2.66037590471477,7029.0,0.0
24-Jun-2018 00:00,25-Jun-2018 00:00,0.0,0.0,2.87351243736374,7587.0,0.0
25-Jun-2018 00:00,26-Jun-2018 00:00,0.0,0.0,1.12508412856631,2999.20015563945,0.0
26-Jun-2018 00:00,27-Jun-2018 00:00,0.0,0.0,1.33579434116878,3574.79984436055,0.0
27-Jun-2018 00:00,28-Jun-2018 00:00,0.0,0.0,1.77663095932214,4633.0,0.0
28-Jun-2018 00:00,29-Jun-2018 00:00,0.0,0.0,1.48874945319178,3893.0,0.0
29-Jun-2018 00:00,30-Jun-2018 00:00,0.0,0.0,3.78594805671755,7012.0,0.0
30-Jun-2018 00:00,01-Jul-2018 00:00,0.0,0.0,1.99735420146211,5187.0,0.0
01-Jul-2018 00:00,02-Jul-2018 00:00,0.0,0.0,4.0130637079425,9308.0,0.0
02-Jul-2018 00:00,03-Jul-2018 00:00,0.0,0.0,2.98293633295818,7421.0,0.0
03-Jul-2018 00:00,04-Jul-2018 00:00,0.0,0.0,1.17039613656208,3057.0,0.0
04-Jul-2018 00:00,05-Jul-2018 00:00,0.0,0.0,5.23543442512401,13292.0,0.0
05-Jul-2018 00:00,06-Jul-2018 00:00,0.0,0.0,1.73793172870353,4453.0,0.0
06-Jul-2018 00:00,07-Jul-2018 00:00,0.0,0.0,1.97533902012118,5096.0,0.0
07-Jul-2018 00:00,08-Jul-2018 00:00,0.0,0.0,2.41216589358972,6034.50495199325,0.0
08-Jul-2018 00:00,09-Jul-2018 00:00,0.0,0.0,2.26949559515259,5484.18191527711,0.0
09-Jul-2018 00:00,10-Jul-2018 00:00,0.0,0.0,0.703743086975212,1830.31313272964,0.0
10-Jul-2018 00:00,11-Jul-2018 00:00,0.0,0.0,2.27122547395522,5473.0,0.0
11-Jul-2018 00:00,12-Jul-2018 00:00,0.0,0.0,1.31435295653855,3396.7316753353,0.0
12-Jul-2018 00:00,13-Jul-2018 00:00,0.0,0.0,1.14295957735407,3006.2683246647,0.0
13-Jul-2018 00:00,14-Jul-2018 00:00,0.0,0.0,2.14082961624967,5162.0,0.0
14-Jul-2018 00:00,15-Jul-2018 00:00,0.0,0.0,2.2752624671912,5784.0,0.0
15-Jul-2018 00:00,16-Jul-2018 00:00,0.0,0.0,1.41250099419301,3709.0,0.0
16-Jul-2018 00:00,17-Jul-2018 00:00,0.0,0.0,1.90622172020229,4981.0,0.0
17-Jul-2018 00:00,18-Jul-2018 00:00,0.0,0.0,1.66952168835035,4307.0,0.0
18-Jul-2018 00:00,19-Jul-2018 00:00,0.0,0.0,1.11109246997527,3012.0,0.0
19-Jul-2018 00:00,20-Jul-2018 00:00,0.0,0.0,1.11900991128109,2920.53683104388,0.0
20-Jul-2018 00:00,21-Jul-2018 00:00,0.0,0.0,3.21791228830527,8394.94838647623,0.0
21-Jul-2018 00:00,22-Jul-2018 00:00,0.0,0.0,6.77276209190924,15590.5147824799,0.0
22-Jul-2018 00:00,23-Jul-2018 00:00,0.0,0.0,4.95160139783494,12070.0,0.0
23-Jul-2018 00:00,24-Jul-2018 00:00,0.0,0.0,3.60870808277613,6951.0,0.0
24-Jul-2018 00:00,25-Jul-2018 00:00,0.0,0.0,1.34888501153146,3289.0,0.0
25-Jul-2018 00:00,26-Jul-2018 00:00,0.0,0.0,0.922568450250525,2473.0,0.0
26-Jul-2018 00:00,27-Jul-2018 00:00,0.0,0.0,1.09611121053037,2860.0,0.0
27-Jul-2018 00:00,28-Jul-2018 00:00,0.0,0.0,1.27387308120509,3343.0,0.0
28-Jul-2018 00:00,29-Jul-2018 00:00,0.0,0.0,5.2452195058909,12782.0,0.0
29-Jul-2018 00:00,30-Jul-2018 00:00,0.0,0.0,3.07198337854032,7779.0,0.0
30-Jul-2018 00:00,31-Jul-2018 00:00,0.0,0.0,1.70083355627918,4344.0,0.0
31-Jul-2018 00:00,01-Aug-2018 00:00,0.0,0.0,1.49921387583676,3890.0,0.0
01-Aug-2018 00:00,02-Aug-2018 00:00,0.0,0.0,1.06977749940284,2855.0,0.0
02-Aug-2018 00:00,03-Aug-2018 00:00,0.0,0.0,3.92138038852814,9777.0,0.0
03-Aug-2018 00:00,04-Aug-2018 00:00,0.0,0.0,1.85121427531332,4721.10469845959,0.0
04-Aug-2018 00:00,05-Aug-2018 00:00,0.0,0.0,3.81239704820219,9910.89530154041,0.0
05-Aug-2018 00:00,06-Aug-2018 00:00,0.0,0.0,2.52894530495158,6221.0,0.0
06-Aug-2018 00:00,07-Aug-2018 00:00,0.0,0.0,1.63632256064837,4174.0,0.0
07-Aug-2018 00:00,08-Aug-2018 00:00,0.0,0.0,1.27384822635868,3297.0,0.0
08-Aug-2018 00:00,09-Aug-2018 00:00,0.0,0.0,1.39006168979366,3745.28494748228,0.0
09-Aug-2018 00:00,10-Aug-2018 00:00,0.0,0.0,1.91849136039049,4958.71505251772,0.0
10-Aug-2018 00:00,11-Aug-2018 00:00,0.0,0.0,1.61768676960807,4267.0,0.0
11-Aug-2018 00:00,12-Aug-2018 00:00,0.0,0.0,6.25883557965418,14590.0544674856,0.0
12-Aug-2018 00:00,13-Aug-2018 00:00,0.0,0.0,2.03969734048697,5083.94553251438,0.0
13-Aug-2018 00:00,14-Aug-2018 00:00,0.0,0.0,1.04945056886306,2744.0,0.0
14-Aug-2018 00:00,15-Aug-2018 00:00,0.0,0.0,1.22004790646157,3195.0,0.0
15-Aug-2018 00:00,16-Aug-2018 00:00,0.0,0.0,1.45116428117222,3790.0,0.0
16-Aug-2018 00:00,17-Aug-2018 00:00,0.0,0.0,1.65661909448787,4398.0,0.0
17-Aug-2018 00:00,18-Aug-2018 00:00,0.0,0.0,3.59287366585574,9019.0,0.0
18-Aug-2018 00:00,19-Aug-2018 00:00,0.0,0.0,12.0315354351161,27424.0,0.0
19-Aug-2018 00:00,20-Aug-2018 00:00,0.0,0.0,6.31864837801482,14484.0,0.0
20-Aug-2018 00:00,21-Aug-2018 00:00,0.0,0.0,1.20798287998116,3204.0,0.0
21-Aug-2018 00:00,22-Aug-2018 00:00,0.0,0.0,1.17866037342017,3033.0,0.0
22-Aug-2018 00:00,23-Aug-2018 00:00,0.0,0.0,1.28730091267056,3362.0,0.0
23-Aug-2018 00:00,24-Aug-2018 00:00,0.0,0.0,1.55740475622309,3857.0,0.0
24-Aug-2018 00:00,25-Aug-2018 00:00,0.0,0.0,2.32273697561148,5779.48514562087,0.0
25-Aug-2018 00:00,26-Aug-2018 00:00,0.0,0.0,2.87721709579114,7148.51485437913,0.0
26-Aug-2018 00:00,27-Aug-2018 00:00,0.0,0.0,1.45617234098615,3990.0,0.0
27-Aug-2018 00:00,28-Aug-2018 00:00,0.0,0.0,1.32069072734737,3272.0,0.0
28-Aug-2018 00:00,29-Aug-2018 00:00,0.0,0.0,1.01664404875527,2582.0,0.0
29-Aug-2018 00:00,30-Aug-2018 00:00,0.0,0.0,1.37024775312268,3571.0,0.0
30-Aug-2018 00:00,31-Aug-2018 00:00,0.0,0.0,1.1826495764732,3029.0,0.0
31-Aug-2018 00:00,01-Sep-2018 00:00,0.0,0.0,1.20117273846279,3194.03533264853,0.0
01-Sep-2018 00:00,02-Sep-2018 00:00,0.0,0.0,2.5245946049586,6434.96466735147,0.0
02-Sep-2018 00:00,03-Sep-2018 00:00,0.0,0.0,3.93959994132643,10352.6671802807,0.0
03-Sep-2018 00:00,04-Sep-2018 00:00,0.0,0.0,1.52526098197825,4264.33281971931,0.0
04-Sep-2018 00:00,05-Sep-2018 00:00,0.0,0.0,1.46486533346168,3738.0,0.0
05-Sep-2018 00:00,06-Sep-2018 00:00,0.0,0.0,1.29890812653906,3520.0,0.0
06-Sep-2018 00:00,07-Sep-2018 00:00,0.0,0.0,3.68946601845072,8815.0,0.0
07-Sep-2018 00:00,08-Sep-2018 00:00,0.0,0.0,3.29392307475474,7957.0,0.0
08-Sep-2018 00:00,09-Sep-2018 00:00,0.0,0.0,5.60030504920255,12011.0,0.0
09-Sep-2018 00:00,10-Sep-2018 00:00,0.0,0.0,5.12721407252588,10290.0,0.0
10-Sep-2018 00:00,11-Sep-2018 00:00,0.0,0.0,1.30819930225377,3247.0,0.0
11-Sep-2018 00:00,12-Sep-2018 00:00,0.0,0.0,1.4944163674465,3854.0,0.0
12-Sep-2018 00:00,13-Sep-2018 00:00,0.0,0.0,2.01009231090558,4925.0,0.0
13-Sep-2018 00:00,14-Sep-2018 00:00,0.0,0.0,1.44252421426615,3519.0,0.0
14-Sep-2018 00:00,15-Sep-2018 00:00,0.0,0.0,1.59820398870455,4060.0,0.0
15-Sep-2018 00:00,16-Sep-2018 00:00,0.0,0.0,3.61982488704613,8675.23387518619,0.0
16-Sep-2018 00:00,17-Sep-2018 00:00,0.0,0.0,3.46385702121169,6328.76612481381,0.0
17-Sep-2018 00:00,18-Sep-2018 00:00,0.0,0.0,1.56207861968501,3936.0,0.0
18-Sep-2018 00:00,19-Sep-2018 00:00,0.0,0.0,0.822459337469394,2097.0,0.0
19-Sep-2018 00:00,20-Sep-2018 00:00,0.0,0.0,1.30787127903053,3289.0,0.0
20-Sep-2018 00:00,21-Sep-2018 00:00,0.0,0.0,1.48186122367529,3935.03756508633,0.0
21-Sep-2018 00:00,22-Sep-2018 00:00,0.0,0.0,2.69107838827387,6880.94972714286,0.0
22-Sep-2018 00:00,23-Sep-2018 00:00,0.0,0.0,4.70337766167781,12241.0127077708,0.0
23-Sep-2018 00:00,24-Sep-2018 00:00,0.0,0.0,2.46058712490021,6066.0,0.0
24-Sep-2018 00:00,25-Sep-2018 00:00,0.0,0.0,1.26729897399335,3291.0,0.0
25-Sep-2018 00:00,26-Sep-2018 00:00,0.0,0.0,1.41627390934046,3569.97388380871,0.0
26-Sep-2018 00:00,27-Sep-2018 00:00,0.0,0.0,1.12394464348012,2976.02611619129,0.0
27-Sep-2018 00:00,28-Sep-2018 00:00,0.0,0.0,1.28340491529479,3376.0,0.0
28-Sep-2018 00:00,29-Sep-2018 00:00,0.0,0.0,2.26346262825127,5883.0,0.0
29-Sep-2018 00:00,30-Sep-2018 00:00,0.0,0.0,5.43886405484516,13508.0,0.0
30-Sep-2018 00:00,01-Oct-2018 00:00,0.0,0.0,7.45296151300855,16857.0,0.0
01-Oct-2018 00:00,02-Oct-2018 00:00,0.0,0.0,1.4884112968619,3483.19461204944,0.0
02-Oct-2018 00:00,03-Oct-2018 00:00,0.0,0.0,2.10432909209376,4878.82519680092,0.0
03-Oct-2018 00:00,04-Oct-2018 00:00,0.0,0.0,2.10432909209376,4878.82519680092,0.0
04-Oct-2018 00:00,05-Oct-2018 00:00,0.0,0.0,2.10432909209376,4878.82519680092,0.0
05-Oct-2018 00:00,06-Oct-2018 00:00,0.0,0.0,2.10432909209376,4878.82519680092,0.0
06-Oct-2018 00:00,07-Oct-2018 00:00,0.0,0.0,2.10432909209376,4878.82519680092,0.0
07-Oct-2018 00:00,08-Oct-2018 00:00,0.0,0.0,2.10432909209376,4878.82519680092,0.0
08-Oct-2018 00:00,09-Oct-2018 00:00,0.0,0.0,2.10432909209376,4878.82519680092,0.0
09-Oct-2018 00:00,10-Oct-2018 00:00,0.0,0.0,2.10432909209376,4878.82519680092,0.0
10-Oct-2018 00:00,11-Oct-2018 00:00,0.0,0.0,2.05747864601452,4770.20381354318,0.0
11-Oct-2018 00:00,12-Oct-2018 00:00,0.0,0.0,1.75502321135711,4252.58419103105,0.0
12-Oct-2018 00:00,13-Oct-2018 00:00,0.0,0.0,2.52027137962756,6107.05613655067,0.0
13-Oct-2018 00:00,14-Oct-2018 00:00,0.0,0.0,2.52027137962756,6107.05613655067,0.0
14-Oct-2018 00:00,15-Oct-2018 00:00,0.0,0.0,2.52027137962756,6107.05613655067,0.0
15-Oct-2018 00:00,16-Oct-2018 00:00,0.0,0.0,2.52027137962757,6107.05613655068,0.0
16-Oct-2018 00:00,17-Oct-2018 00:00,0.0,0.0,2.52027137962756,6107.05613655067,0.0
17-Oct-2018 00:00,18-Oct-2018 00:00,0.0,0.0,2.52027137962756,6107.05613655068,0.0
18-Oct-2018 00:00,19-Oct-2018 00:00,0.0,0.0,2.52027137962757,6107.05613655068,0.0
19-Oct-2018 00:00,20-Oct-2018 00:00,0.0,0.0,2.52027137962757,6107.05613655068,0.0
20-Oct-2018 00:00,21-Oct-2018 00:00,0.0,0.0,2.52027137962757,6107.05613655067,0.0
21-Oct-2018 00:00,22-Oct-2018 00:00,0.0,0.0,3.66168507071537,8608.91058001288,0.0
22-Oct-2018 00:00,23-Oct-2018 00:00,0.0,0.0,1.41899432315201,3529.0,0.0
23-Oct-2018 00:00,24-Oct-2018 00:00,0.0,0.0,1.56867500272608,3834.0,0.0
24-Oct-2018 00:00,25-Oct-2018 00:00,0.0,0.0,2.56936811609782,4666.0,0.0
25-Oct-2018 00:00,26-Oct-2018 00:00,0.0,0.0,1.36208293565248,3293.0,0.0
26-Oct-2018 00:00,27-Oct-2018 00:00,0.0,0.0,2.42367697645331,5675.0,0.0
27-Oct-2018 00:00,28-Oct-2018 00:00,0.0,0.0,5.89805399297527,12704.3527615047,0.0
28-Oct-2018 00:00,29-Oct-2018 00:00,0.0,0.0,2.68895158310537,5953.20963707401,0.0
29-Oct-2018 00:00,30-Oct-2018 00:00,0.0,0.0,2.68895158310537,5953.20963707401,0.0
30-Oct-2018 00:00,31-Oct-2018 00:00,0.0,0.0,2.68895158310537,5953.20963707401,0.0
31-Oct-2018 00:00,01-Nov-2018 00:00,0.0,0.0,3.73465310069989,9033.09247603207,0.0
01-Nov-2018 00:00,02-Nov-2018 00:00,0.0,0.0,2.84162929671607,7244.65851388885,0.0
02-Nov-2018 00:00,03-Nov-2018 00:00,0.0,0.0,3.53195564061545,8979.26733735233,0.0
03-Nov-2018 00:00,04-Nov-2018 00:00,0.0,0.0,0.997263870606568,2518.38047162628,0.0
04-Nov-2018 00:00,05-Nov-2018 00:00,0.0,0.0,1.5402797604229,3896.13214962016,0.0
05-Nov-2018 00:00,06-Nov-2018 00:00,0.0,0.0,1.75395273130475,4352.48737875356,0.0
06-Nov-2018 00:00,07-Nov-2018 00:00,0.0,0.0,1.58169757801342,3665.9989074347,0.0
07-Nov-2018 00:00,08-Nov-2018 00:00,0.0,0.0,2.15540747067045,5002.63456392682,0.0
08-Nov-2018 00:00,09-Nov-2018 00:00,0.0,0.0,2.15540747067045,5002.63456392682,0.0
09-Nov-2018 00:00,10-Nov-2018 00:00,0.0,0.0,2.15540747067045,5002.63456392682,0.0
10-Nov-2018 00:00,11-Nov-2018 00:00,0.0,0.0,2.15540747067045,5002.63456392682,0.0
11-Nov-2018 00:00,12-Nov-2018 00:00,0.0,0.0,2.15540747067045,5002.63456392682,0.0
12-Nov-2018 00:00,13-Nov-2018 00:00,0.0,0.0,1.89969596215011,4744.8282729312,0.0
13-Nov-2018 00:00,14-Nov-2018 00:00,0.0,0.0,0.735734560167776,1892.0,0.0
14-Nov-2018 00:00,15-Nov-2018 00:00,0.0,0.0,1.87160731328998,4656.0,0.0
15-Nov-2018 00:00,16-Nov-2018 00:00,0.0,0.0,2.2181451527752,4260.0,0.0
16-Nov-2018 00:00,17-Nov-2018 00:00,0.0,0.0,1.19165729914345,3049.0,0.0
17-Nov-2018 00:00,18-Nov-2018 00:00,0.0,0.0,1.97411668035735,4969.0,0.0
18-Nov-2018 00:00,19-Nov-2018 00:00,0.0,0.0,1.4209454286973,3488.0,0.0
19-Nov-2018 00:00,20-Nov-2018 00:00,0.0,0.0,1.3940152012225,3218.0,0.0
20-Nov-2018 00:00,21-Nov-2018 00:00,0.0,0.0,1.58202348286011,4027.0,0.0
21-Nov-2018 00:00,22-Nov-2018 00:00,0.0,0.0,1.3125410104996,3413.0,0.0
22-Nov-2018 00:00,23-Nov-2018 00:00,0.0,0.0,4.08504316458376,9423.0,0.0
23-Nov-2018 00:00,24-Nov-2018 00:00,0.0,0.0,2.66819896802502,7241.0,0.0
24-Nov-2018 00:00,25-Nov-2018 00:00,0.0,0.0,1.67616251042256,4529.00262838455,0.0
25-Nov-2018 00:00,26-Nov-2018 00:00,0.0,0.0,2.33551752693087,5963.99737161545,0.0
26-Nov-2018 00:00,27-Nov-2018 00:00,0.0,0.0,4.0777371247093,9613.0,0.0
27-Nov-2018 00:00,28-Nov-2018 00:00,0.0,0.0,3.21794436046502,6973.0,0.0
28-Nov-2018 00:00,29-Nov-2018 00:00,0.0,0.0,2.48239538512051,5050.0,0.0
29-Nov-2018 00:00,30-Nov-2018 00:00,0.0,0.0,1.26395900507247,3074.0,0.0
30-Nov-2018 00:00,01-Dec-2018 00:00,0.0,0.0,1.36423199463814,3460.0,0.0
01-Dec-2018 00:00,02-Dec-2018 00:00,0.0,0.0,4.38756513097118,10661.0,0.0
02-Dec-2018 00:00,03-Dec-2018 00:00,0.0,0.0,2.34679554711903,5812.0,207.675450978155
03-Dec-2018 00:00,04-Dec-2018 00:00,0.0,0.0,1.09308513282381,2673.0,207.45498871597
04-Dec-2018 00:00,05-Dec-2018 00:00,0.0,0.0,1.08736851785728,2670.0,204.699210438659
05-Dec-2018 00:00,06-Dec-2018 00:00,0.0,0.0,1.52722733236225,3723.0,203.707130258827
06-Dec-2018 00:00,07-Dec-2018 00:00,0.0,0.0,1.43107999284172,3372.0,203.486667996642
07-Dec-2018 00:00,08-Dec-2018 00:00,0.0,0.0,3.75256160890795,7006.0,203.596899127734
08-Dec-2018 00:00,09-Dec-2018 00:00,0.0,0.0,3.79011429004713,8721.0,202.715050078995
09-Dec-2018 00:00,10-Dec-2018 00:00,0.0,0.0,2.09799046008026,5101.0,208.226606633617
10-Dec-2018 00:00,11-Dec-2018 00:00,0.0,0.0,1.42664961624287,3273.0,204.148054783197
11-Dec-2018 00:00,12-Dec-2018 00:00,0.0,0.0,1.05546732084603,2587.0,204.588979307566
12-Dec-2018 00:00,13-Dec-2018 00:00,0.0,0.0,1.71266114942128,3948.0,201.943432161348
13-Dec-2018 00:00,14-Dec-2018 00:00,0.0,0.0,2.16739864193494,5594.0,200.620658588239
14-Dec-2018 00:00,15-Dec-2018 00:00,0.0,0.0,2.18332331521347,5408.69211205195,201.061583112608
15-Dec-2018 00:00,16-Dec-2018 00:00,0.0,0.0,4.76972758698654,10883.307887948,203.266205734457
16-Dec-2018 00:00,17-Dec-2018 00:00,0.0,0.0,3.11245098910582,6140.0,201.171814243701
17-Dec-2018 00:00,18-Dec-2018 00:00,0.0,0.0,1.6174552424759,3846.0,0.0
18-Dec-2018 00:00,19-Dec-2018 00:00,0.0,0.0,1.50821365494535,3685.0,202.825281210087
19-Dec-2018 00:00,20-Dec-2018 00:00,0.0,0.0,1.5877835938152,3519.0,200.400196326054
20-Dec-2018 00:00,21-Dec-2018 00:00,0.0,0.0,1.35630446805861,3352.0,200.069502932776
21-Dec-2018 00:00,22-Dec-2018 00:00,0.0,0.0,4.87149238983497,12348.0,0.0
22-Dec-2018 00:00,23-Dec-2018 00:00,0.0,0.0,3.04971963484627,7370.0,0.0
23-Dec-2018 00:00,24-Dec-2018 00:00,0.0,0.0,3.23979472873216,8006.0,0.0
24-Dec-2018 00:00,25-Dec-2018 00:00,0.0,0.0,2.85715104054069,7041.0,0.0
25-Dec-2018 00:00,26-Dec-2018 00:00,0.0,0.0,3.22468120409833,8236.0,0.0
26-Dec-2018 00:00,27-Dec-2018 00:00,0.0,0.0,1.6111974972717,4014.0,0.0
27-Dec-2018 00:00,28-Dec-2018 00:00,0.0,0.0,0.505982561839758,1210.0,0.0
